sample;pr;sex;S002528_359076;S001130_41396;S000385_38148;S005403_329603;S006539_70628;S008448_53909;S000773_966375;S000464_286501;S002490_835851;S001564_301653;S001206_514121;S002934_86739;S002665_148755;S001060_1896134;S005963_886948;S001941_39367;S000135_472130;S001592_1163482;S002002_1983494;S003923_717053;S001275_1127865;S000304_669102;S002311_163087;S001205_137445;S002234_259057;S001052_260969;S001450_205602;S003488_128178;S000390_39659;S003407_329051;S002906_143841;S002151_1134795;S000325_402110;S002548_285016;S001416_360557;S000985_205977;S000663_160471;S007435_63968;S002276_154451;S000619_307467;S001589_250512;S004095_92497;S002077_521181;S004196_177553;S000817_599394;S014985_3309;S007995_42892;S001036_506226;S001507_262717;S001206_1610580;S000518_581610;S005439_103228;S001062_334402;S003350_72286;S000861_239038;S002481_128180;S000991_313536;S012196_90947;S000416_1490912;S000416_1839053;S002376_69126;S002839_610116;S000518_713027;S000558_1630563;S003202_375501;S000944_580252;S000872_603338;S001629_673300;S003079_85347;S000584_858616;S001855_342230;S008002_227159;S000482_200125;S001505_91920;S002556_763940;S001602_107518;S000199_1361640;S004998_209984;S005509_154604;S000309_37164;S000721_621630;S005844_224400;S010164_121249;S000376_960043;S006400_232411;S005469_84854;S001617_2445297;S000730_618249;S003838_101395;S001401_837485;S001146_220162;S002090_1364031;S003111_1574442;S001018_838445;S002887_347782;S000674_692433;S010857_13980;S000809_467688;S001608_326323;S005326_13993;S005236_14434;S000366_252238;S009810_27367;S001412_104013;S000430_73213;S007210_35288;S001803_226234;S004683_48328;S003249_80323;S000063_15560;S000277_578308;S002565_117003;S005334_732385;S004681_23198;S000745_339612;S001096_197242;S002460_413946;S000628_1124280;S003103_1046679;S002304_569797;S002736_784233;S000677_978021;S008057_58899;S003115_132394;S000712_640302;S002441_49420;S002309_294138;S004909_983360;S008178_30152;S007270_274039;S004334_211340;S006764_43351;S002963_257859;S009565_37466;S004358_50693;S000413_518927;S003159_220836;S000420_429416;S018932_794;S000218_4280;S004874_154245;S000089_52634;S001761_660719;S002190_206294;S000179_1006255;S005341_35427;S001904_134885;S001507_47540;S000345_160140;S000532_70508;S002447_381485;S007041_53810;S000101_1044659;S000395_1499901;S000275_879907;S000766_165317;S001725_766128;S000176_140204;S003455_720179;S001183_2408611;S000143_985155;S000219_813147;S000648_2315784;S003737_331523;S000259_920488;S003084_184538;S001043_228157;S001930_1551873;S003230_1238539
;;;1;1;1;1;1;1;1;1;1;1;1;1;1;1;1;1;1;1;1;1;1;1;1;1;1;1;1;1;1;1;1;1;1;1;1;1;1;1;1;1;1;1;1;1;1;1;1;1;1;1;1;1;1;1;1;1;1;1;1;1;1;1;1;1;1;1;1;1;1;1;1;1;1;1;1;1;1;1;1;1;1;1;1;1;1;1;1;1;1;1;1;1;1;1;1;1;1;1;1;1;1;1;1;1;1;1;1;1;1;1;1;1;1;1;1;1;1;1;1;1;1;1;1;1;1;1;1;1;1;1;1;1;1;1;1;1;1;1;1;1;1;1;1;1;1;1;1;1;1;1;X;X;X;X;X;X;X;X;X;X;X;X;X;X;X;X;X;X;X
1285;1.672240803;m;H;H;H;B;B;H;H;H;A;H;B;H;H;H;H;H;H;H;H;B;H;B;H;H;A;A;H;A;A;A;A;A;A;A;B;H;A;A;A;A;A;A;A;A;A;A;A;H;H;B;B;H;B;B;B;B;B;B;B;B;B;B;B;H;B;A;H;B;B;A;H;H;H;H;H;H;B;H;H;H;H;A;H;H;H;A;H;H;A;H;H;H;H;H;H;H;H;A;B;A;H;A;A;B;A;H;A;A;B;H;A;A;A;A;A;B;A;H;B;H;H;H;H;H;H;H;H;H;A;A;H;H;H;H;H;H;H;H;H;H;H;A;A;A;H;H;H;H;H;H;B;B;B;B;B;-;B;B;B;B;B;A;-;B;B;B;B;B;B
1300;1.825483753;m;H;A;A;A;A;H;A;H;A;A;A;A;A;A;A;H;H;A;A;H;H;A;H;H;A;A;A;A;A;A;A;A;A;A;A;H;A;A;A;A;A;H;H;H;H;H;H;A;H;A;A;A;A;A;A;A;A;A;A;A;A;A;A;A;A;H;A;A;A;A;A;A;A;H;H;A;A;H;H;H;B;H;B;H;H;H;H;A;H;A;H;A;A;A;A;A;H;A;B;A;H;H;A;A;H;H;H;H;A;A;A;H;H;A;H;A;H;A;A;A;A;A;B;A;A;A;H;H;A;H;H;B;A;A;H;A;A;A;A;H;H;H;H;A;H;H;H;H;H;H;A;A;A;B;B;B;B;B;B;B;B;A;-;A;B;B;A;B;B
1315;1.169864296;m;H;H;H;H;H;H;H;H;H;H;A;H;H;H;H;H;H;A;H;H;H;H;H;H;A;H;H;A;A;A;H;H;H;H;H;H;H;H;A;H;H;B;B;H;H;H;H;A;H;A;H;H;B;H;H;H;H;H;H;H;H;H;H;A;H;B;H;H;H;A;A;H;H;H;H;H;H;H;H;H;B;H;H;H;H;H;H;H;H;H;H;H;H;B;H;B;B;H;B;H;H;H;H;B;H;H;H;H;B;H;H;H;H;H;H;B;H;B;B;B;B;B;B;B;B;B;B;B;H;H;B;B;H;H;H;H;H;H;A;H;H;H;H;H;H;H;H;H;H;H;B;B;B;B;B;B;B;B;B;B;B;B;B;B;B;B;B;B;B
1156;1.203659124;m;B;B;H;B;B;B;B;A;B;B;A;B;B;B;B;A;B;H;B;H;H;H;H;A;A;B;B;A;A;H;B;B;B;B;H;A;B;-;H;B;B;B;B;B;B;B;B;A;B;A;A;H;H;A;H;H;A;H;H;H;A;H;A;B;H;B;H;H;H;A;H;H;H;B;H;H;H;A;A;A;A;H;A;H;B;H;H;H;B;H;H;H;H;H;H;H;B;H;B;H;B;H;H;H;H;B;B;H;B;H;B;H;H;H;H;B;H;B;B;B;B;H;H;H;H;H;H;H;B;H;H;H;H;H;H;H;B;H;H;B;H;H;B;H;B;B;B;B;B;B;B;B;B;A;B;B;B;A;B;B;B;B;B;B;B;B;B;B;A
1177;1.370238421;m;H;B;B;H;H;H;H;A;B;B;A;B;B;B;B;A;H;B;B;B;B;A;B;H;H;B;H;H;H;H;A;B;B;B;H;A;B;B;H;B;B;H;H;H;H;H;H;A;H;A;A;A;H;A;A;A;H;A;H;H;H;H;A;B;H;B;H;H;H;H;H;H;H;H;H;H;H;A;A;H;A;H;A;H;H;H;A;H;A;H;H;H;H;A;H;H;H;A;A;A;H;A;A;H;A;H;A;A;A;A;B;A;A;A;A;A;A;A;A;A;A;A;H;A;A;A;A;A;B;A;H;H;A;A;A;A;H;A;A;H;A;A;H;A;H;H;H;H;A;H;B;B;B;B;B;B;B;B;B;B;B;A;-;B;B;B;B;B;B
1188;1.759324419;m;B;H;H;B;B;B;B;H;H;H;B;H;H;H;H;B;B;H;B;H;B;H;B;B;B;A;H;B;B;B;H;A;A;A;H;B;A;A;H;A;A;A;A;A;A;A;A;B;A;B;B;H;H;B;H;H;A;A;A;A;A;A;B;H;A;A;A;A;A;B;A;A;A;A;H;A;A;A;A;A;B;A;B;H;A;A;H;H;A;H;H;H;H;H;H;H;H;A;H;A;A;A;A;H;A;H;A;A;H;A;H;A;A;A;A;B;A;H;H;H;H;H;B;H;H;H;H;H;A;A;B;B;H;H;H;H;A;A;H;A;A;A;A;A;A;A;A;A;H;A;B;B;B;A;B;B;B;A;B;B;B;B;B;B;B;B;B;A;A
1200;1.598976655;m;H;A;A;H;H;H;A;A;H;A;B;A;A;A;A;A;H;A;A;A;A;B;A;A;A;H;A;A;A;A;A;H;H;H;A;A;H;H;A;H;H;A;A;A;A;H;H;B;H;B;B;B;H;B;B;B;H;H;H;H;H;H;B;A;H;H;H;H;H;A;H;H;H;H;A;H;H;A;A;A;A;A;A;A;H;A;A;A;A;A;A;A;A;B;A;A;H;H;B;H;H;H;H;A;H;H;A;H;B;H;A;H;A;A;H;B;A;B;B;B;B;B;B;B;B;B;B;B;H;A;B;B;B;B;B;B;H;B;B;H;B;A;H;H;H;H;H;B;H;H;A;A;A;B;A;A;A;B;A;A;A;A;A;A;A;A;A;A;B
1216;1.612903226;m;-;A;A;-;-;A;-;H;H;-;B;-;-;-;B;-;B;A;-;-;-;B;A;-;B;-;H;-;-;A;-;A;H;A;-;-;-;-;H;H;-;H;A;A;-;A;-;B;H;H;H;H;A;H;H;-;-;H;A;B;-;A;-;-;-;-;-;H;-;-;H;H;A;-;-;B;A;A;A;A;A;A;-;-;B;-;-;-;A;-;B;-;B;H;A;H;-;-;A;B;B;H;A;-;H;B;A;B;-;-;A;A;A;A;A;-;-;-;A;-;A;B;H;-;-;A;A;B;H;A;-;-;A;H;-;B;B;H;H;B;B;A;-;-;B;B;-;B;H;-;-;-;B;-;-;-;-;A;-;B;-;-;A;-;-;-;-;-;-
1231;1.164415463;m;H;H;H;H;H;H;H;A;H;H;H;H;H;H;H;A;H;H;H;A;A;H;A;A;H;H;H;H;H;B;H;H;H;H;B;A;B;H;H;H;H;H;B;B;B;B;B;H;H;H;H;A;B;H;H;H;H;H;H;H;H;-;H;A;H;H;B;B;H;H;B;B;B;A;B;B;B;H;H;H;A;H;A;B;A;H;B;B;H;B;H;B;B;B;B;B;H;H;A;B;H;H;H;B;H;H;H;H;B;B;H;H;H;H;H;B;H;B;B;B;B;B;B;B;B;B;B;B;H;H;B;B;A;A;A;A;H;A;A;A;A;H;A;H;A;H;H;H;H;H;B;B;B;A;B;B;B;A;B;B;B;B;B;B;B;B;B;B;A
1250;1.606167684;m;H;A;A;H;H;H;A;H;H;A;H;A;A;A;A;H;H;A;A;H;H;B;H;H;A;H;A;A;A;A;A;H;H;H;A;H;H;H;A;H;H;H;H;H;B;B;B;H;A;H;B;H;A;B;B;B;B;B;B;B;B;B;B;A;B;H;B;B;B;A;B;B;B;A;A;B;B;A;A;A;H;A;H;A;A;A;A;A;H;A;A;A;A;B;A;A;H;H;A;A;A;H;A;A;H;H;H;H;B;B;A;H;H;H;H;B;H;B;B;B;B;B;H;B;B;B;B;B;H;A;H;H;H;H;H;H;A;H;H;A;H;A;H;H;A;A;A;A;H;A;A;A;A;A;A;A;A;A;A;A;A;A;A;A;A;A;A;A;A
1266;1.636579502;m;H;B;B;B;B;H;B;A;H;B;H;B;B;B;B;A;H;B;B;B;B;H;B;H;A;H;B;A;A;H;H;H;H;H;A;A;H;H;H;H;H;H;H;B;H;H;H;B;H;H;H;B;A;H;H;H;H;H;H;H;H;H;H;B;H;H;H;H;H;H;H;H;H;H;A;H;H;H;H;H;A;A;A;A;H;H;-;A;A;A;A;A;A;H;A;A;H;A;H;A;H;A;A;A;A;H;A;A;H;B;H;A;A;A;A;H;H;H;H;H;H;H;H;H;H;H;H;H;H;H;H;B;B;B;B;B;H;B;B;H;B;H;H;A;H;H;H;H;H;H;B;B;B;A;A;B;B;A;A;A;A;A;A;B;A;A;B;A;B
1274;1.275835672;m;H;H;H;H;H;H;H;A;H;H;H;H;H;H;H;H;B;H;H;B;H;H;H;H;A;H;H;A;A;A;A;H;H;H;H;H;H;A;A;H;H;B;B;B;B;B;B;H;H;H;H;H;H;H;H;H;H;H;H;H;H;H;H;H;H;H;H;H;H;A;A;H;H;H;A;H;H;A;A;A;H;A;H;A;H;A;A;H;A;H;A;H;H;H;H;H;H;H;H;H;H;H;H;H;H;H;H;H;H;H;A;H;H;H;H;H;H;H;H;H;H;H;H;H;H;H;H;H;H;H;H;H;B;B;B;B;A;H;B;H;H;H;H;H;H;H;H;H;A;H;B;B;B;A;B;B;B;A;B;B;B;B;B;B;B;B;B;B;A
1287;0.784929356;m;A;H;H;A;A;A;A;B;B;H;H;H;H;H;H;H;H;H;H;B;H;H;H;H;B;B;A;B;B;B;B;B;B;B;B;H;B;B;B;B;B;B;B;B;B;B;B;H;H;H;H;A;B;H;H;H;A;A;A;A;A;A;H;H;A;B;H;A;A;B;A;A;H;H;B;H;A;B;B;B;B;B;B;B;H;B;B;B;H;B;B;B;B;H;B;B;H;B;B;H;H;B;H;B;B;H;H;B;H;H;B;B;H;H;B;H;H;H;H;H;H;H;A;H;H;H;H;H;B;H;A;A;A;H;H;A;H;H;H;H;H;A;H;B;H;H;H;H;H;H;B;B;B;B;B;B;B;B;B;B;B;B;B;B;B;B;B;B;B
1301;1.38121547;m;H;H;H;H;H;A;H;A;H;H;H;H;H;H;H;A;A;H;H;H;A;A;A;A;H;H;H;H;H;H;B;H;H;H;B;A;H;H;H;B;B;B;B;B;B;H;H;H;H;H;A;A;B;A;A;A;A;A;A;A;A;A;A;H;A;B;B;A;A;H;H;H;H;H;H;H;A;H;H;H;A;H;A;H;A;H;H;B;H;B;H;B;B;H;B;B;B;H;B;H;H;A;H;B;A;B;H;A;H;H;B;A;H;H;A;H;B;H;H;H;H;H;H;H;H;H;H;H;H;B;H;H;A;A;A;A;A;A;A;A;A;B;A;H;A;H;B;H;B;H;A;A;A;B;B;A;A;B;A;A;A;B;B;A;B;B;A;B;B
1317;1.435987815;m;H;H;H;H;H;H;H;H;H;H;B;H;H;H;H;H;A;H;H;A;A;B;A;H;H;H;H;H;H;H;H;H;H;H;A;H;H;H;H;H;H;H;H;H;H;B;B;H;H;B;B;H;H;B;B;H;H;H;H;H;H;H;B;A;H;H;A;H;H;H;H;H;H;H;A;A;H;A;A;A;H;A;H;A;H;A;A;A;A;A;A;A;A;A;A;H;H;H;H;H;H;H;H;H;H;H;A;H;A;A;H;H;A;A;H;A;A;A;A;A;A;A;A;A;A;A;A;A;H;A;A;A;H;H;H;B;B;H;H;H;H;A;H;H;H;H;H;H;H;H;A;A;B;B;B;B;B;B;B;B;B;B;B;A;B;B;A;B;B
1157;1.163602513;m;H;H;H;H;H;H;A;B;B;H;H;H;H;-;H;H;A;H;H;B;H;H;H;H;H;B;H;B;B;B;B;B;B;B;B;H;B;B;B;B;B;B;B;B;H;H;H;H;H;H;H;H;H;H;H;A;B;A;H;H;H;H;H;H;H;B;H;H;A;B;H;H;H;A;B;H;H;A;A;B;H;B;H;B;H;B;B;B;H;B;B;B;B;H;H;H;A;H;A;H;A;H;H;H;H;A;H;H;B;H;B;H;H;H;H;B;H;H;B;H;H;H;H;H;H;H;H;H;B;H;H;H;H;B;B;H;H;H;B;H;H;H;H;H;H;H;B;H;A;A;B;B;B;B;B;-;-;B;B;B;B;B;B;B;B;B;B;B;B
1178;1.160092807;m;B;B;H;B;B;B;B;H;H;B;H;B;B;B;B;H;B;B;B;B;H;B;H;H;B;A;B;B;B;B;B;A;A;A;H;H;A;A;B;A;A;H;H;H;H;H;B;H;B;H;H;B;H;H;H;B;B;B;B;B;B;B;H;B;B;H;H;B;B;B;B;H;H;H;H;H;B;B;B;B;H;H;H;H;B;H;H;H;B;H;H;H;H;B;A;A;H;A;H;A;H;H;A;A;H;H;H;H;B;H;H;H;B;H;H;B;H;B;B;B;B;B;B;B;B;B;B;B;A;H;B;B;B;B;B;B;B;B;B;B;B;H;B;A;B;B;B;B;H;H;B;B;B;B;B;B;B;B;B;B;B;B;B;B;B;B;B;B;B
1190;1.027788238;m;A;H;H;A;A;H;A;H;B;H;B;H;H;H;H;H;H;H;H;H;H;B;H;H;H;B;H;H;H;H;B;B;B;B;A;H;B;B;H;B;B;H;H;H;H;H;H;B;H;B;B;H;A;B;B;B;B;B;B;B;B;B;B;H;B;H;B;B;B;H;B;B;B;H;A;B;B;A;A;A;H;A;H;A;H;A;A;A;B;A;A;A;A;H;A;A;H;H;A;H;H;B;H;A;H;H;B;B;B;B;B;B;B;B;B;B;B;B;B;B;B;B;H;H;H;H;H;H;B;B;H;H;H;H;H;H;H;H;H;H;H;B;H;H;H;H;H;H;H;H;A;A;A;A;A;A;A;B;A;A;A;A;A;A;A;A;A;A;B
1203;1.5124;m;H;H;H;H;H;H;H;H;H;H;A;H;H;H;H;H;H;H;H;H;H;H;H;H;B;H;H;B;B;H;B;H;H;H;H;H;H;B;H;H;H;H;H;H;H;H;H;A;H;A;A;H;H;H;H;H;H;H;H;H;H;H;A;H;H;H;H;H;H;H;H;H;H;H;H;H;B;H;H;H;H;H;H;H;H;H;B;H;A;H;B;H;H;B;H;H;H;A;B;H;H;A;H;H;A;H;A;A;H;H;H;A;A;A;A;B;A;H;H;H;H;H;B;B;B;B;B;B;H;A;B;B;H;B;B;H;H;H;B;H;H;A;B;H;H;H;H;H;H;H;B;B;B;B;B;B;B;B;B;B;B;B;B;B;B;B;B;B;B
1221;1.20105693;m;B;H;H;B;B;B;B;A;A;H;B;H;H;H;H;A;B;H;H;H;H;B;H;H;B;A;B;B;B;H;H;A;A;A;H;H;A;A;H;A;A;H;H;H;H;H;H;B;B;B;B;B;H;B;B;B;H;B;B;B;A;H;B;H;H;A;A;H;H;H;A;A;A;B;H;A;A;A;A;A;A;A;A;H;B;A;H;H;B;H;A;H;H;B;H;H;B;B;H;B;B;B;B;H;B;B;H;B;H;A;H;B;B;H;B;H;A;B;H;B;B;B;B;B;B;B;B;B;A;H;B;B;B;H;H;H;B;B;H;B;B;H;B;B;B;B;B;B;B;B;B;B;B;A;A;B;B;A;B;B;B;B;B;B;A;A;B;A;A
1233;1.233958539;m;A;B;B;H;H;A;H;B;H;B;B;B;B;B;B;B;A;B;B;B;B;H;B;B;H;H;H;H;H;H;H;H;H;H;B;B;H;H;H;H;H;H;H;H;H;H;H;B;B;B;H;H;H;H;H;H;H;H;H;H;H;H;H;B;H;H;H;H;H;H;A;A;A;B;B;H;A;B;B;B;B;B;B;B;H;B;B;H;H;H;B;H;H;A;H;H;B;H;H;H;B;H;H;H;H;B;B;H;A;H;H;H;A;B;H;-;B;A;A;A;A;A;H;A;A;A;A;A;H;B;A;H;H;A;A;H;H;H;A;H;H;B;B;H;H;H;H;B;B;B;B;B;B;A;A;A;A;A;A;A;A;A;A;B;A;A;B;A;A
1252;1.200480192;m;H;B;B;H;H;H;B;A;A;B;H;B;B;B;B;H;H;B;B;H;H;H;H;H;H;H;B;H;H;H;H;H;H;H;B;H;H;H;H;H;H;A;H;H;H;H;H;H;B;H;B;H;B;B;B;H;H;H;H;H;H;H;B;B;H;A;B;H;H;H;H;B;B;B;B;B;H;A;H;H;H;H;H;B;B;H;B;H;H;H;B;H;H;H;H;H;B;H;B;H;B;H;H;H;H;B;H;H;A;B;A;H;H;H;H;A;H;A;H;A;A;A;H;H;H;H;H;H;H;A;H;H;H;A;A;H;B;H;A;H;H;A;H;H;H;B;B;B;B;B;B;B;B;A;B;B;B;A;B;B;B;B;B;B;B;B;B;B;A
1267;1.085304971;m;H;H;H;H;H;H;H;H;B;H;H;H;H;H;H;A;H;H;H;H;H;B;H;H;A;B;H;A;A;H;H;B;B;B;H;A;B;B;H;B;B;B;H;A;H;H;H;H;H;H;B;B;H;B;B;B;B;B;B;B;B;B;B;H;B;B;H;B;B;H;B;H;H;B;B;H;B;B;B;B;H;B;A;B;H;B;B;B;H;H;B;H;H;H;H;H;A;A;A;A;H;H;A;H;H;H;H;H;H;H;H;H;H;B;H;H;B;H;H;H;H;H;A;H;H;H;H;H;B;H;A;A;B;H;A;B;H;B;H;H;B;H;B;A;B;H;H;B;A;H;B;B;B;B;B;B;B;B;B;B;B;B;B;B;B;B;B;-;B
1275;1.102535832;m;B;B;B;B;B;B;B;H;H;B;H;B;B;B;B;H;B;B;B;B;B;H;B;H;H;H;B;H;H;H;H;H;H;H;B;H;H;B;H;H;H;H;H;H;H;H;H;H;H;H;H;H;H;H;H;H;A;H;H;H;A;A;H;B;A;H;A;A;A;H;A;H;H;H;H;H;A;A;A;A;H;H;H;H;H;A;H;H;H;H;H;H;H;A;H;H;B;B;A;H;H;B;H;H;B;B;H;H;A;H;H;H;H;H;B;A;H;A;A;A;A;A;A;A;A;A;A;A;H;H;A;A;H;H;H;H;H;H;H;H;H;H;H;B;H;H;H;H;B;H;B;B;B;B;B;-;B;B;B;B;B;-;B;B;B;B;B;B;B
1288;1.625487646;m;A;H;H;A;A;H;H;B;H;H;A;H;H;H;H;B;H;H;H;H;H;A;H;H;H;H;H;H;H;H;A;H;H;H;H;H;H;B;H;H;H;H;B;B;B;H;A;A;H;A;A;H;H;A;A;A;A;A;A;A;A;A;A;H;A;H;H;A;A;H;A;A;A;H;H;H;A;A;A;H;B;H;B;H;H;H;H;H;H;H;H;H;H;A;H;H;H;A;B;A;H;A;A;H;A;H;B;A;H;A;A;A;H;B;A;A;B;A;H;A;A;A;A;A;A;A;A;A;H;B;A;A;H;H;H;H;H;H;H;H;H;B;H;A;H;H;H;H;H;H;B;B;B;A;B;B;B;A;B;B;B;B;B;B;B;B;B;B;A
1302;1.429796969;m;A;A;A;A;A;A;A;B;B;A;H;A;A;A;A;H;A;A;A;A;A;B;A;A;H;B;A;B;B;B;B;B;B;B;A;A;B;B;B;B;B;H;H;H;H;A;A;H;A;H;H;A;H;B;B;B;H;B;B;B;B;H;H;A;H;B;A;H;H;B;H;A;A;A;H;A;H;H;H;H;B;H;B;H;A;H;H;A;A;A;H;A;H;B;H;H;A;A;B;H;A;A;A;H;A;A;A;A;H;A;B;A;A;A;A;B;A;B;H;B;B;B;B;B;B;B;B;B;B;H;B;H;A;A;A;A;A;A;A;A;A;H;A;A;A;A;A;A;A;A;A;A;A;A;B;A;A;A;B;B;B;B;B;A;B;B;A;B;A
1318;1.197031362;m;H;H;B;H;H;H;H;H;B;H;H;B;B;B;B;H;H;B;B;H;H;H;H;H;H;B;H;H;H;H;B;B;B;B;A;H;B;-;H;B;B;B;H;H;A;A;A;H;H;H;H;H;H;H;H;A;B;H;B;B;B;B;H;B;B;B;H;B;B;H;B;B;H;A;A;H;B;A;A;A;H;A;H;A;H;A;A;A;H;A;A;A;A;B;A;H;H;H;H;H;H;H;H;H;H;H;H;H;B;H;B;H;H;H;H;B;H;B;B;B;B;B;H;B;B;B;B;B;B;H;H;H;H;A;A;A;H;H;A;H;H;H;H;H;H;H;H;H;B;H;B;B;B;A;B;B;B;A;B;B;B;A;-;B;B;B;B;B;A
1159;1.374003847;m;H;A;H;A;A;H;A;H;B;A;H;A;H;H;H;B;H;H;A;H;B;H;B;B;A;B;A;A;A;A;B;B;B;B;B;B;B;-;A;B;B;B;B;B;B;B;B;H;H;H;H;H;B;H;H;A;A;A;A;A;A;A;H;A;A;B;H;A;A;A;A;A;A;H;B;A;A;H;H;B;H;B;H;B;H;B;B;B;A;B;B;B;B;A;B;B;H;A;H;A;H;A;A;B;A;H;A;A;H;A;B;A;A;H;A;H;H;A;H;H;A;A;H;A;A;A;A;A;B;H;H;A;H;H;A;H;H;H;H;H;H;H;A;A;H;H;H;B;A;H;B;B;B;B;B;B;B;B;B;B;B;B;B;B;B;B;B;B;A
1179;1.384976061;m;B;B;B;B;B;B;B;B;B;B;H;B;B;B;B;B;H;B;B;B;B;H;B;B;B;B;B;B;B;B;B;B;B;B;A;B;B;B;B;H;H;H;H;H;H;H;H;H;H;H;H;H;A;H;H;H;H;H;H;H;H;H;H;B;H;H;A;H;H;B;H;H;H;H;A;A;H;H;H;H;B;A;B;A;H;A;A;A;A;A;A;A;A;B;A;A;H;A;H;A;H;A;A;A;A;H;A;A;H;H;B;A;A;A;A;B;A;H;H;H;H;B;B;B;B;B;B;B;B;A;B;B;A;A;A;A;B;H;A;H;H;A;H;A;H;H;H;H;H;H;A;B;B;A;B;B;B;A;B;B;B;B;B;A;B;B;A;B;A
1191;1.140771161;m;A;H;B;A;A;A;A;B;B;H;H;H;H;B;H;B;A;H;A;B;B;H;B;B;B;B;A;B;B;B;B;B;B;B;H;B;B;B;B;B;B;B;H;B;H;A;A;H;A;H;H;A;B;H;H;H;H;H;H;H;A;H;H;H;H;B;A;H;H;B;A;A;A;A;H;A;A;H;B;H;B;H;B;H;A;H;H;H;H;H;H;H;H;H;B;B;A;H;B;H;A;H;H;B;H;A;H;H;H;A;B;H;H;H;H;H;H;H;H;H;H;B;H;B;H;H;H;H;B;H;H;H;A;H;H;A;A;A;H;A;A;H;A;H;A;A;A;H;A;A;B;B;B;B;B;B;B;B;B;B;B;B;B;B;B;B;B;B;B
1204;1.3189;m;H;H;B;H;H;H;H;H;H;H;H;H;H;H;H;B;H;B;H;B;B;H;B;B;A;H;H;A;A;A;H;H;H;H;H;B;H;H;A;H;H;H;H;A;A;A;A;H;A;H;H;A;H;H;H;H;B;H;H;H;B;B;H;H;B;H;H;B;B;A;B;B;B;A;H;B;B;B;B;B;H;B;H;H;A;B;B;H;H;A;H;H;H;A;H;H;A;A;H;A;A;H;A;H;B;A;H;H;H;B;H;H;H;H;H;B;H;H;H;B;H;A;A;A;A;A;A;A;H;H;A;A;A;H;H;A;A;A;H;A;A;H;A;A;A;A;A;A;A;A;A;A;A;A;A;A;A;A;A;A;A;A;A;A;A;A;A;A;-
1223;1.422070535;m;H;H;H;H;H;H;H;B;H;H;A;H;H;H;H;B;H;H;H;H;B;A;B;B;A;H;H;A;A;A;H;H;H;H;H;B;H;H;A;H;H;A;A;H;H;H;H;A;B;A;A;B;H;A;A;A;H;H;H;H;H;H;A;B;H;H;B;H;H;A;B;B;B;B;H;B;H;A;A;A;B;A;B;H;B;A;H;H;A;H;H;H;H;B;H;H;B;H;A;H;B;A;H;H;A;B;A;A;B;B;H;A;A;H;A;B;H;B;B;B;B;B;B;B;B;B;B;B;H;H;B;B;B;A;A;B;B;B;A;B;B;H;B;H;B;B;B;B;B;B;B;B;B;A;B;B;B;A;B;B;B;B;B;B;B;B;B;B;A
1234;1.029654036;m;H;H;H;H;H;H;H;A;B;H;B;H;H;H;H;A;B;B;B;H;A;B;A;A;H;H;H;H;H;B;B;H;H;H;H;A;H;H;B;H;H;H;H;H;B;B;B;B;A;B;B;H;H;B;B;B;H;B;B;B;H;H;B;H;H;H;H;H;H;H;H;H;H;A;H;H;H;A;A;A;A;A;A;H;A;A;H;H;B;H;H;H;H;H;H;H;A;H;H;H;A;H;H;H;H;A;B;B;H;H;B;B;B;B;B;B;H;H;H;H;H;H;H;H;H;H;H;H;H;H;H;H;H;H;A;H;A;A;H;A;A;H;A;H;A;A;A;A;A;A;A;A;A;A;A;A;A;A;A;A;A;A;A;A;A;A;A;A;B
1253;1.327668614;m;H;H;H;H;H;H;H;H;B;H;H;H;H;H;H;H;B;H;H;H;H;H;H;H;A;H;H;A;H;H;B;B;H;H;A;H;H;H;H;H;H;H;H;H;H;H;H;H;H;H;H;A;A;H;H;H;B;B;B;B;B;B;H;H;B;H;H;B;B;H;H;H;H;H;A;H;H;H;H;H;H;H;H;A;H;H;A;A;H;A;H;A;A;A;A;A;B;A;A;A;H;H;A;A;H;B;H;H;H;H;B;H;H;H;H;A;H;A;H;A;A;A;H;A;A;A;A;A;H;H;A;H;A;H;H;A;H;A;A;H;A;H;H;A;H;H;H;H;B;H;B;B;B;A;A;B;B;A;B;B;A;A;A;B;A;A;B;A;A
1268;2.004008016;m;B;H;H;B;B;H;H;H;A;H;H;H;H;H;H;H;H;H;H;B;H;A;H;H;H;H;H;H;H;H;H;A;H;H;A;H;H;H;H;H;H;A;A;A;A;A;A;H;H;H;H;H;H;H;H;A;A;A;A;A;A;A;H;H;A;H;A;A;A;H;A;A;A;H;A;A;A;B;B;B;A;B;H;A;H;B;A;A;A;A;A;A;A;H;A;A;H;A;H;A;H;A;A;H;A;H;A;A;A;A;H;A;A;A;A;A;A;A;A;A;A;H;H;H;H;H;H;H;H;A;H;H;H;H;B;H;H;H;H;H;H;A;H;A;H;H;H;H;H;H;B;B;A;A;A;A;A;A;A;A;A;A;A;B;A;A;B;A;A
1276;0.822233185;m;B;H;H;B;H;B;H;A;B;H;H;H;H;H;H;A;B;H;H;H;H;B;H;A;B;B;H;B;B;B;B;B;B;B;H;A;B;B;B;B;B;B;B;B;B;B;B;H;B;H;H;B;H;B;B;H;H;H;H;H;H;H;H;H;H;B;H;H;H;B;H;H;H;H;H;H;H;H;H;H;A;H;A;H;B;H;H;H;B;H;H;H;H;H;H;H;H;B;H;B;H;B;B;H;B;H;B;B;A;H;B;B;B;B;B;A;B;H;A;H;H;H;H;H;H;H;H;H;B;B;H;H;B;H;H;B;B;B;B;B;B;B;B;B;B;B;B;B;H;H;B;B;B;B;B;B;B;B;B;B;B;B;B;B;B;B;B;B;B
1289;1.406469761;m;A;A;A;A;A;H;A;H;A;A;A;A;A;A;A;H;H;A;A;A;A;A;A;A;H;H;A;H;H;H;A;A;A;A;B;A;H;H;H;H;H;B;B;B;B;B;B;A;A;A;A;H;B;A;A;A;A;A;A;A;A;A;A;A;A;B;B;A;A;H;A;H;H;A;B;B;A;H;H;B;H;B;H;B;A;B;B;B;H;B;B;B;B;H;B;B;H;B;B;B;A;H;B;B;H;H;H;H;H;H;A;H;H;H;H;H;H;H;H;H;H;H;H;H;H;H;H;H;H;B;H;H;H;H;H;H;A;H;H;A;H;B;H;B;H;A;A;A;H;A;A;A;A;B;B;B;B;B;B;B;B;B;B;A;B;B;A;B;B
1304;1.096972356;m;H;A;A;H;A;H;A;H;A;A;H;A;A;A;A;A;H;A;A;A;A;B;A;A;H;A;A;H;H;H;A;A;A;A;H;A;A;A;H;A;A;B;B;B;B;B;B;H;B;H;H;B;H;B;B;B;B;B;B;B;B;B;H;A;B;A;H;B;B;H;B;H;H;B;H;H;B;H;H;B;H;B;H;H;B;B;H;H;B;H;H;H;H;B;H;H;B;H;H;H;B;B;H;H;B;B;B;B;B;A;A;B;B;B;B;B;H;B;B;B;B;B;H;B;B;B;B;B;A;H;B;H;B;B;B;B;B;B;B;B;B;H;B;H;B;B;B;B;B;B;B;B;A;B;A;A;-;B;A;A;A;A;A;B;A;A;B;A;B
1319;1.731901628;m;H;H;H;H;H;A;H;H;A;H;H;H;H;H;H;H;A;H;H;H;H;H;H;H;H;H;H;H;A;A;A;H;H;H;B;H;H;H;A;H;H;H;H;H;H;B;B;H;B;H;H;B;B;H;H;H;H;H;A;A;A;A;H;H;A;H;H;A;A;A;A;A;A;B;A;H;A;A;A;A;B;A;H;A;B;A;A;A;H;H;A;H;H;H;H;H;B;A;B;H;B;A;A;H;A;B;H;A;A;H;A;A;A;H;A;A;H;A;A;A;A;A;H;H;H;H;H;H;H;B;H;H;B;H;A;H;B;B;H;B;B;B;B;A;B;B;B;B;B;B;B;B;B;B;B;B;B;B;B;B;B;B;B;B;B;B;B;B;B
1161;1.395035147;m;A;A;A;A;A;A;A;H;A;A;H;A;A;A;A;H;A;A;A;A;A;B;A;A;A;H;A;A;A;A;A;A;A;H;H;A;H;B;A;H;H;B;B;B;B;B;B;H;A;H;H;H;H;H;H;B;B;B;B;B;B;B;H;A;B;B;B;B;B;A;B;B;B;A;H;B;B;A;A;A;H;A;H;H;A;A;H;H;H;H;A;H;H;B;H;H;A;H;A;H;A;H;H;H;H;A;H;H;B;B;A;H;H;H;H;B;H;B;B;B;B;B;B;B;B;B;B;B;H;H;B;B;H;H;H;H;A;H;H;H;H;H;H;H;H;A;A;A;A;A;B;B;B;A;A;B;B;A;A;A;A;A;A;B;A;A;B;A;A
1180;1.469723692;m;B;A;A;B;H;B;H;H;H;H;A;A;A;A;A;H;B;A;A;A;A;A;A;A;H;H;H;H;H;H;H;H;H;H;H;A;B;B;H;B;B;B;B;B;B;B;B;H;B;A;A;H;B;A;A;A;A;A;A;A;A;A;H;A;A;B;B;A;A;H;A;H;H;B;H;B;A;A;A;A;H;A;H;H;B;A;H;H;H;H;H;B;B;H;B;B;B;H;H;H;B;H;H;B;H;B;H;H;B;H;H;H;H;H;H;B;H;H;B;B;B;H;A;H;H;H;H;H;H;H;H;A;H;H;H;H;B;B;H;B;B;H;B;H;B;B;B;B;B;B;A;A;A;-;A;A;A;B;A;A;A;-;A;A;A;A;A;A;B
1194;1.041016032;m;H;H;H;H;H;H;H;H;H;H;H;H;H;H;H;B;H;H;H;H;H;A;H;H;H;H;H;H;H;H;H;H;H;H;H;H;H;H;H;H;H;H;H;A;B;B;B;H;H;H;A;H;H;A;A;A;H;A;A;A;A;A;A;H;H;H;B;H;A;H;H;H;H;H;H;B;H;H;H;H;B;H;H;H;H;H;H;H;B;H;H;B;H;A;H;H;H;B;H;B;H;B;B;H;B;H;H;B;H;H;H;B;B;H;B;B;H;A;H;A;A;A;H;A;A;A;H;H;H;A;H;H;H;A;A;H;H;H;H;H;H;A;H;B;H;H;H;H;H;H;B;B;B;B;B;B;B;B;B;B;B;B;B;B;B;B;B;B;B
1206;1.538935057;m;B;H;H;B;H;B;H;B;H;H;A;A;H;B;H;B;B;H;H;B;B;A;B;B;A;H;H;A;A;H;H;H;H;H;B;B;A;H;H;H;H;B;B;B;B;B;B;A;H;A;A;A;H;A;A;A;A;A;A;A;A;A;A;A;A;H;A;A;A;A;A;A;A;B;B;A;A;H;H;B;B;B;B;B;A;B;B;B;A;B;B;B;B;H;B;B;H;A;H;H;H;A;A;B;A;H;A;A;H;A;H;A;A;H;A;H;H;H;H;H;H;H;A;H;H;H;H;H;H;H;A;A;A;H;A;A;A;A;A;A;A;H;A;A;A;H;H;H;H;H;A;A;A;A;A;A;A;B;A;A;A;A;A;A;A;A;A;A;B
1224;1.237317496;m;H;H;H;H;H;H;H;H;H;H;B;H;H;H;H;H;B;H;H;H;H;H;H;H;B;H;H;B;B;B;B;H;H;H;H;A;H;H;B;H;B;B;B;B;B;B;B;B;A;B;B;H;A;H;H;A;A;A;A;A;A;A;B;H;A;B;A;A;A;B;A;A;A;A;H;A;A;H;H;H;H;H;H;H;A;H;H;H;H;H;H;H;H;H;H;A;H;H;A;A;A;H;H;A;H;H;H;H;H;A;H;H;H;H;H;B;H;B;H;H;H;B;H;B;H;H;H;H;H;H;H;H;H;H;H;H;A;H;H;A;H;H;A;H;A;A;A;A;H;A;B;B;B;B;B;B;B;B;B;B;B;B;B;B;B;B;B;B;B
1235;1.15446779;m;H;B;B;B;B;H;B;B;B;B;B;B;B;B;B;B;H;B;-;B;B;H;B;B;H;H;B;H;H;B;B;B;B;B;B;B;B;-;B;H;H;A;A;A;A;H;H;B;H;B;B;H;H;B;H;B;A;H;H;H;H;H;B;B;H;H;A;H;H;H;H;H;A;-;H;A;H;B;B;B;B;B;B;H;H;-;H;H;H;H;H;H;H;H;H;H;H;H;A;H;H;H;H;H;B;H;H;H;H;A;B;H;H;H;H;H;-;B;H;B;B;H;A;H;H;H;H;H;H;A;H;A;H;H;B;H;H;H;H;H;H;A;H;H;H;H;H;H;H;H;A;A;A;A;A;A;A;A;A;A;A;-;B;A;B;A;A;A;A
1255;1.509206158;m;H;A;H;H;H;H;H;B;B;A;B;H;H;H;H;B;H;H;A;H;B;B;B;B;A;B;A;A;A;A;H;B;B;B;A;B;B;B;A;B;B;B;B;B;B;B;B;H;A;B;B;A;A;B;B;H;H;H;H;H;H;H;B;A;H;B;H;H;H;A;H;H;H;A;A;H;H;H;H;H;B;H;B;A;A;H;A;A;H;A;H;A;A;H;A;A;A;A;A;A;A;A;A;A;A;A;H;A;H;H;H;A;H;B;A;H;B;H;A;H;H;H;B;H;H;H;H;H;B;B;B;B;A;H;H;A;A;A;H;A;A;B;A;A;A;A;A;A;A;A;A;A;A;A;B;B;B;A;B;B;B;A;-;A;B;B;A;B;A
1269;1.103996467;m;H;H;H;H;H;H;H;H;A;H;H;H;H;H;H;H;H;H;H;H;H;A;H;H;A;A;H;A;A;A;A;A;A;A;B;H;A;A;A;H;H;B;B;B;B;B;B;B;A;H;H;A;H;H;A;A;A;A;A;A;A;A;H;H;A;H;H;A;A;A;A;A;A;A;B;H;A;B;B;B;H;B;H;B;A;B;B;B;B;B;B;B;B;H;B;B;A;B;H;H;A;B;B;H;B;A;B;B;A;H;A;B;B;H;B;A;H;H;A;A;A;H;H;H;H;H;H;H;A;H;H;H;A;A;H;A;A;A;A;A;A;H;A;B;A;A;A;A;A;A;A;A;A;A;A;A;A;A;A;A;A;A;A;A;A;A;A;A;A
1277;1.423284942;m;H;H;H;H;H;H;H;B;B;H;A;A;A;A;A;B;H;A;A;H;H;A;H;H;B;B;H;B;B;B;B;B;B;B;A;H;B;B;B;H;H;H;H;H;A;A;A;A;B;A;A;B;H;A;A;A;H;A;A;A;H;H;A;A;H;H;B;H;H;B;B;B;B;B;A;B;B;H;H;H;B;A;B;A;B;H;A;A;H;A;A;A;A;H;H;H;B;A;B;A;B;H;A;H;H;B;H;H;A;B;B;H;H;H;H;A;H;A;A;A;A;H;B;H;H;H;H;H;B;H;B;B;B;B;B;B;B;B;B;B;B;H;B;A;B;B;B;B;B;B;A;A;A;B;A;A;A;B;A;A;A;A;A;A;A;A;A;A;B
1293;1.367240908;m;H;H;H;H;B;H;A;B;H;H;H;H;H;H;H;H;H;H;H;H;H;H;H;H;H;A;H;H;H;H;H;A;A;A;H;H;A;A;H;A;A;A;H;H;H;B;B;H;B;H;H;B;H;H;H;B;B;H;H;H;H;B;H;H;B;A;H;B;B;H;B;B;H;B;H;H;B;A;A;A;H;H;H;H;B;A;H;H;A;H;H;H;H;H;H;H;H;B;H;B;B;H;B;H;H;H;A;H;A;H;H;H;A;A;H;A;A;H;A;H;H;B;H;H;H;H;H;H;A;A;H;H;B;H;H;B;B;B;H;B;B;A;B;B;B;B;B;B;H;B;B;B;B;B;B;B;B;B;B;B;B;B;B;B;B;B;B;B;B
1305;1.083658431;m;H;H;B;H;H;H;H;H;H;H;A;H;H;B;B;B;B;B;B;B;B;A;B;B;B;H;H;B;B;B;B;H;H;H;H;B;H;H;B;H;A;A;A;A;A;A;A;A;A;A;A;H;H;A;A;A;B;B;B;B;B;B;A;H;B;A;B;B;B;B;B;B;B;A;H;B;B;H;H;H;H;A;H;H;A;H;H;H;H;H;H;H;H;H;H;H;A;H;A;H;A;H;H;H;H;A;H;H;H;B;H;H;H;H;H;H;B;B;H;B;B;B;H;B;H;H;H;H;H;B;H;B;H;H;B;H;A;A;H;A;A;B;A;H;A;A;A;A;A;A;A;A;A;B;B;B;B;B;B;B;B;B;B;A;B;B;A;B;B
1320;1.15025779;m;H;H;A;H;H;H;H;H;H;H;A;H;H;H;H;H;H;H;B;H;H;A;H;H;H;H;H;H;H;H;H;H;H;H;A;H;H;H;H;H;H;H;H;B;H;A;A;H;A;A;A;H;H;A;A;A;H;H;H;H;B;H;A;H;H;H;H;H;H;H;H;A;A;A;A;A;H;H;H;H;H;H;H;H;H;H;H;A;B;A;H;A;A;H;A;A;A;B;H;H;A;B;B;A;B;A;B;B;A;A;H;B;B;B;B;A;B;A;A;A;A;H;B;H;H;H;H;H;H;B;H;B;H;H;H;H;A;H;H;H;H;B;B;B;H;A;A;A;A;A;B;B;B;B;B;B;B;B;B;B;B;B;B;B;B;B;B;B;B
1166;1.503307276;m;A;H;H;H;H;A;H;A;A;A;H;A;H;B;H;H;H;H;H;H;H;B;H;H;H;A;H;H;H;H;H;A;A;A;A;H;A;A;H;A;A;A;H;H;B;B;B;H;H;H;B;A;H;B;B;B;B;B;B;B;B;B;B;H;B;A;B;B;B;H;B;B;B;H;A;B;B;A;A;A;H;A;A;A;H;A;A;A;H;A;A;A;A;B;H;H;B;B;H;B;H;B;B;H;B;B;H;H;B;B;A;H;H;H;B;B;H;B;B;B;B;B;B;B;B;B;B;B;A;H;B;B;A;A;A;A;H;A;A;A;A;H;A;B;A;H;H;H;B;H;B;B;B;A;B;B;B;A;B;B;B;A;-;B;B;B;B;B;A
1181;1.006846557;m;H;H;H;H;H;H;H;B;B;H;H;H;H;H;H;B;H;B;B;-;H;B;H;H;A;B;H;A;A;A;H;B;B;B;A;B;B;B;A;B;B;H;H;A;H;A;A;H;H;H;H;H;H;B;B;B;B;B;B;H;H;A;H;H;H;B;H;H;B;A;H;H;H;H;A;H;H;H;H;A;B;A;B;A;H;A;A;A;B;A;A;A;A;A;A;H;H;B;B;H;H;B;B;H;B;H;B;B;H;H;B;B;B;B;B;A;B;A;H;A;A;A;A;A;A;A;A;A;B;B;A;A;H;B;-;H;H;H;B;H;H;B;A;B;H;H;H;B;A;H;A;A;A;A;A;A;A;B;A;A;A;A;A;A;A;A;A;A;B
1207;1.332977873;m;H;B;B;H;B;A;B;A;B;B;B;B;B;B;B;A;A;B;B;B;H;B;H;H;H;H;B;H;B;B;B;H;H;H;B;A;H;H;B;A;A;H;H;A;H;H;H;B;H;B;B;H;B;B;B;B;B;B;B;B;B;B;B;B;B;H;B;B;B;B;B;B;B;H;H;B;B;B;B;B;A;B;A;H;H;B;H;H;H;H;B;H;H;H;H;H;H;A;B;H;H;A;A;H;A;H;H;A;H;B;B;A;A;H;A;H;A;H;H;H;H;H;H;H;H;H;H;H;H;H;H;H;H;B;B;B;H;H;B;H;H;H;A;A;H;H;B;H;H;H;A;A;A;A;B;B;B;A;B;B;B;A;-;A;B;B;A;B;A
1225;1.429388222;m;B;A;A;B;B;B;A;A;H;A;H;A;A;A;A;A;B;A;A;A;A;H;A;A;B;H;A;B;B;B;H;H;H;H;A;A;H;H;H;H;H;H;H;A;A;A;A;H;A;H;H;A;A;H;H;H;B;H;H;H;H;B;H;A;B;H;H;B;B;B;B;B;B;A;A;B;B;H;H;H;A;H;A;A;A;H;A;A;H;A;A;A;A;A;A;A;A;H;A;B;A;H;B;A;H;A;H;H;H;B;H;H;H;H;H;H;H;A;H;A;A;A;H;A;A;H;H;H;H;H;H;A;H;H;H;H;A;A;H;A;A;H;A;B;A;A;A;A;A;A;B;B;B;B;B;B;B;B;B;B;B;B;B;B;B;B;B;B;B
1238;0.84132593;m;A;H;H;A;A;A;A;B;B;A;H;H;H;H;H;H;A;H;H;H;H;B;H;H;B;B;A;B;B;B;B;B;B;B;A;H;B;B;B;B;H;H;H;A;A;A;A;H;A;H;H;A;H;H;H;B;B;B;B;B;B;B;H;H;B;H;B;B;B;B;B;B;B;A;H;B;B;H;H;A;B;A;B;H;A;A;H;H;B;H;A;H;H;H;H;H;A;B;A;H;A;B;B;H;B;A;B;B;H;B;B;B;B;B;B;B;H;H;H;H;H;H;B;H;H;H;H;H;B;H;B;B;A;A;H;A;A;A;A;A;A;H;A;B;A;A;A;H;A;A;B;B;B;A;B;B;B;A;B;B;B;B;B;A;B;B;A;B;A
1257;1.53704273;m;B;A;A;B;B;B;A;B;H;A;B;A;A;A;A;H;B;A;A;A;A;H;A;H;H;H;A;H;H;A;H;H;H;H;H;H;H;H;A;H;B;B;B;H;H;H;H;B;B;B;H;B;B;H;H;H;A;H;H;H;H;A;H;A;A;B;A;A;A;A;A;A;A;B;H;A;A;A;A;A;B;H;B;H;B;H;H;H;H;H;H;H;H;H;B;B;B;H;B;H;B;H;H;B;H;B;H;H;A;A;H;H;H;A;H;A;A;H;A;H;H;H;B;H;H;H;H;H;H;A;B;B;B;A;A;A;B;B;A;B;B;A;B;H;B;B;B;B;B;B;A;A;A;A;A;A;A;A;A;A;A;A;A;A;A;A;A;A;A
1270;1.576789656;m;B;H;H;B;B;B;H;H;B;H;B;A;H;H;H;H;B;H;A;A;A;H;H;H;B;H;H;B;B;B;B;B;H;H;A;H;H;H;B;H;H;H;H;H;B;B;B;B;B;B;H;B;H;H;H;A;A;A;A;A;A;A;H;H;H;H;H;A;A;B;A;H;H;H;A;H;A;A;A;A;H;A;H;A;B;A;A;A;A;A;A;A;A;H;H;H;H;A;H;A;H;A;A;H;A;H;A;A;H;H;B;A;A;H;A;H;B;H;B;H;H;H;A;H;H;H;A;A;H;H;A;A;B;H;H;H;B;B;H;B;B;H;B;A;B;B;B;H;H;H;A;A;A;B;B;A;A;A;B;B;B;-;B;A;B;B;A;B;A
1278;0.951474786;m;B;B;B;B;B;B;B;A;B;B;H;B;B;B;B;A;H;B;B;B;B;B;B;H;B;B;B;B;B;B;B;B;B;B;H;H;B;B;B;B;B;B;B;H;H;H;H;H;A;H;H;A;B;B;B;B;H;B;H;H;H;H;H;B;H;B;H;H;H;B;H;H;H;A;H;H;H;H;H;H;A;H;A;H;A;H;H;H;H;H;H;H;H;B;H;H;A;B;H;H;A;H;H;B;B;A;A;H;A;H;B;H;H;A;H;A;A;A;A;A;A;A;B;A;H;B;B;B;B;A;B;B;A;A;A;A;A;A;A;A;A;A;A;B;A;A;A;A;A;A;A;A;A;B;B;A;A;B;A;A;B;B;B;A;B;B;A;B;B
1296;1.453911021;m;B;A;A;H;A;B;A;H;H;A;H;A;A;A;A;A;B;A;A;A;A;H;A;A;H;H;A;H;B;B;H;H;H;H;H;A;H;H;B;H;H;H;B;B;H;H;H;B;H;H;H;B;H;H;H;H;H;H;H;H;H;H;H;A;H;H;H;H;H;B;H;H;H;H;H;H;H;B;B;B;H;B;H;H;H;B;H;H;H;H;H;H;H;H;H;H;H;H;H;A;H;H;H;H;H;H;A;H;A;H;H;H;H;A;H;A;A;A;A;A;A;A;B;H;H;H;H;H;H;A;H;B;B;H;H;H;H;B;H;B;B;A;B;H;B;H;H;H;H;H;B;B;B;B;B;B;B;A;B;B;B;B;B;B;B;B;B;B;A
1307;1.28998968;m;H;H;H;H;H;H;H;H;H;H;A;H;H;H;H;A;A;H;H;H;A;H;A;A;H;H;H;H;H;A;H;H;H;H;H;A;H;H;H;H;H;B;B;B;B;B;B;A;B;A;A;B;H;H;H;H;H;H;H;H;H;H;A;H;H;H;H;H;H;H;H;H;H;B;B;H;H;B;B;B;H;B;H;B;B;B;B;H;B;H;B;H;H;A;H;H;B;A;A;A;B;H;A;H;H;B;B;H;H;H;H;H;B;B;H;H;B;A;H;H;A;A;A;A;A;A;A;A;H;B;A;A;B;H;H;B;B;B;B;B;B;B;B;A;B;B;B;B;B;B;A;A;A;A;B;A;B;A;B;B;B;A;-;A;B;B;A;B;A
1321;1.097928864;m;B;B;A;B;B;B;B;H;A;B;H;B;H;A;A;H;B;A;H;A;A;H;A;A;A;A;B;A;A;A;A;A;A;A;B;H;A;A;A;A;A;A;A;A;A;A;A;H;A;H;H;A;B;H;H;H;H;H;H;H;H;H;H;H;H;A;B;H;H;A;B;B;B;A;B;B;H;A;A;A;H;A;H;B;A;A;B;B;H;B;B;B;B;A;B;B;A;B;A;B;A;B;B;B;B;A;H;B;H;B;A;B;H;H;B;B;H;A;H;A;A;A;A;A;A;A;A;A;A;H;A;A;A;B;B;A;A;A;B;A;A;H;A;B;A;A;A;A;A;A;B;B;B;B;B;B;B;A;B;B;B;B;B;B;B;B;B;B;A
1182;1.320306311;m;A;A;B;A;A;A;A;A;H;A;H;H;H;B;B;H;A;B;B;B;B;H;B;B;H;H;A;H;H;H;H;H;H;H;H;B;H;-;H;H;B;B;B;H;H;H;B;H;H;H;H;H;H;H;H;H;B;H;H;H;H;H;H;A;H;B;B;B;H;H;B;B;B;H;H;B;B;H;H;H;A;H;A;H;H;A;B;H;H;H;H;H;H;H;H;H;B;A;H;A;H;A;A;H;A;B;H;H;H;B;H;H;H;B;H;H;B;H;A;B;H;B;B;H;H;H;B;B;H;B;B;B;H;H;H;H;H;H;H;H;H;B;H;A;H;H;B;H;H;H;A;A;A;-;A;A;A;A;A;A;A;A;A;A;A;A;A;A;A
1195;1.937984496;m;A;A;A;A;A;A;A;A;A;A;H;A;A;A;A;A;A;A;A;A;A;H;A;A;B;A;A;B;H;A;A;A;A;A;H;A;A;A;A;A;A;H;H;A;H;H;H;H;A;H;H;A;H;H;H;H;H;H;H;H;H;A;H;A;H;A;H;H;H;H;H;H;H;A;A;H;B;H;H;A;A;A;A;A;A;A;A;A;A;H;A;H;H;H;H;H;A;H;B;H;A;A;H;H;H;A;H;A;B;H;A;A;A;H;A;B;H;B;B;B;B;B;H;B;H;H;H;H;A;H;H;H;A;H;A;A;A;A;H;A;A;H;A;B;A;A;A;A;A;A;A;A;A;B;A;A;A;B;A;A;A;A;A;A;A;A;A;B;B
1210;1.35223878;m;A;H;H;A;A;A;A;H;A;H;H;H;H;A;H;H;A;H;H;B;H;A;H;H;H;A;H;H;H;H;H;A;A;A;B;H;A;A;H;A;H;H;H;H;H;H;H;H;B;H;H;B;B;A;A;A;H;A;A;A;H;H;H;H;H;H;H;H;H;H;H;B;H;B;B;H;H;B;B;B;H;B;H;B;B;B;B;B;H;B;B;B;B;H;B;B;H;H;H;H;B;H;H;B;B;H;B;H;B;H;H;H;H;B;H;B;B;H;B;H;H;H;A;H;H;A;A;A;A;B;A;A;B;B;B;B;B;B;B;B;B;B;B;H;B;B;B;B;H;B;A;A;A;A;A;A;A;A;A;A;A;A;A;A;A;A;A;A;A
1226;1.340842049;m;H;B;B;H;H;H;B;H;H;B;H;B;B;B;B;B;H;B;B;B;B;H;B;B;H;H;B;H;H;H;H;H;H;H;-;B;H;H;H;H;H;H;H;H;H;H;H;H;H;H;H;B;H;H;H;H;H;H;H;H;B;H;H;B;H;H;H;H;H;H;H;H;H;A;B;A;H;B;B;B;B;B;B;B;H;B;B;B;A;B;B;B;B;H;B;H;A;A;H;H;H;A;A;H;A;A;A;A;H;H;H;A;A;H;A;B;H;H;B;H;H;H;H;H;H;H;H;H;H;H;H;H;B;B;B;B;B;B;B;H;B;H;H;A;H;H;H;H;A;H;A;A;A;A;B;B;B;A;B;B;B;B;B;A;B;B;A;B;A
1239;0.89637863;m;A;A;H;A;A;B;A;H;B;A;A;H;H;H;H;H;B;B;B;H;H;H;H;H;B;H;A;B;B;B;B;H;H;H;A;H;H;A;B;H;H;H;B;B;B;B;B;A;B;A;H;B;B;H;H;H;B;H;H;H;B;B;H;H;B;H;B;B;B;B;B;B;B;B;B;B;B;H;H;B;H;B;H;B;B;B;B;H;B;H;B;H;H;B;B;B;B;B;B;H;B;B;H;B;B;B;B;B;H;B;B;B;B;B;B;H;B;B;H;H;B;B;B;B;B;B;-;B;H;B;B;B;B;A;A;H;B;B;A;B;B;B;B;B;B;B;B;B;B;B;A;A;A;B;A;A;A;B;A;A;A;A;A;A;A;A;A;A;B
1259;1.653439153;m;H;A;A;H;H;H;H;H;A;H;B;A;A;A;A;H;H;A;A;A;A;B;A;A;A;A;H;A;A;A;A;A;A;A;H;H;A;A;A;A;A;A;H;B;B;B;B;B;A;B;B;H;H;B;B;B;H;B;B;B;H;B;B;A;H;A;H;H;H;A;H;H;H;A;H;H;H;B;B;B;H;H;H;H;A;B;H;H;A;H;H;H;H;A;H;H;A;H;A;H;A;H;H;H;H;A;A;H;H;H;A;H;A;A;H;H;A;A;H;H;H;A;A;A;A;A;A;A;A;A;A;A;H;H;H;H;A;H;H;H;H;A;H;H;H;A;A;A;A;A;B;B;B;B;B;B;B;B;B;B;B;B;B;B;B;B;B;B;B
1271;1.509219345;m;H;H;H;H;H;H;H;H;H;H;H;H;H;H;H;H;H;B;H;H;H;H;H;H;B;H;H;B;B;B;H;H;H;H;H;H;H;H;H;H;H;H;H;H;H;H;H;H;H;H;H;B;A;H;H;H;H;H;H;H;H;H;H;H;H;H;H;H;H;B;H;H;H;H;H;H;H;A;A;A;H;A;H;H;H;A;H;H;H;H;A;H;H;H;A;A;H;H;A;H;H;A;H;A;A;H;B;A;A;H;H;A;A;B;A;A;B;H;A;A;H;H;B;H;H;H;H;H;H;B;B;B;B;B;B;B;H;H;B;H;H;B;H;H;H;H;H;H;H;H;A;A;A;A;A;A;A;B;A;A;A;A;A;A;A;A;A;A;B
1279;1.217730151;m;H;B;B;H;H;H;B;H;H;B;A;B;B;B;B;B;H;B;B;B;B;A;B;B;A;B;B;A;A;A;A;B;B;B;H;B;B;B;A;B;B;H;H;A;A;A;A;A;H;A;A;A;H;A;A;A;A;A;A;A;A;A;A;B;A;H;B;A;A;A;A;A;A;H;H;H;A;A;A;A;H;A;H;A;A;A;A;H;H;H;A;H;H;H;H;H;H;H;H;B;H;H;H;H;H;H;H;H;H;A;A;H;H;H;H;B;H;H;A;H;H;H;B;H;H;H;H;H;B;B;H;B;A;A;A;A;A;A;A;A;A;B;A;H;A;H;H;H;H;H;B;B;B;B;A;B;B;B;B;B;B;B;B;B;A;A;B;A;B
1297;1.320306311;m;H;H;H;H;H;H;A;H;H;H;A;H;H;H;H;H;H;A;H;H;H;H;H;H;B;H;H;B;B;B;B;H;H;H;H;H;B;H;B;A;A;A;A;A;H;H;H;A;H;A;A;H;H;A;A;B;H;H;H;H;H;H;A;H;H;A;B;H;H;B;H;H;H;H;H;H;B;B;B;B;H;B;H;H;H;B;H;H;A;H;B;H;H;H;H;H;A;H;A;B;H;H;H;H;H;H;A;H;B;H;H;H;A;A;H;H;A;H;B;H;H;H;A;H;H;H;A;A;H;A;A;A;H;H;H;H;H;H;H;B;H;A;B;H;B;H;B;H;H;H;B;B;B;A;A;B;B;B;B;A;A;A;A;B;A;A;B;A;B
1313;1.650709805;m;A;A;A;A;A;A;A;A;A;A;H;A;A;A;A;A;A;A;A;A;A;A;A;A;B;A;A;B;B;B;H;A;A;A;A;A;A;A;H;A;A;A;A;H;H;H;H;H;B;H;H;B;A;A;A;A;A;A;A;A;A;A;H;A;A;A;A;A;A;B;A;A;A;B;A;A;A;A;A;A;A;A;A;A;B;A;A;A;H;A;A;A;A;H;A;A;B;H;H;H;B;H;H;A;H;B;H;H;H;A;H;H;H;H;H;B;H;H;H;H;H;H;A;H;H;H;H;H;A;H;H;A;B;B;B;B;B;B;B;B;B;H;B;H;B;B;B;B;B;B;B;B;B;A;A;A;A;A;A;A;A;A;A;B;A;A;B;A;B
1322;1.203079885;m;A;H;B;A;A;A;H;H;H;H;H;B;B;B;B;H;A;B;B;B;H;A;H;H;H;H;H;H;H;H;H;H;H;H;H;H;H;H;H;H;A;A;A;A;A;A;A;H;B;H;H;B;A;H;H;A;H;A;H;H;H;H;H;B;H;A;B;H;H;H;H;H;B;B;H;B;H;B;B;H;H;H;H;H;B;H;H;H;H;H;H;H;H;H;H;H;B;B;A;B;B;H;B;H;H;B;H;H;B;B;H;H;H;H;H;B;H;B;B;B;B;B;A;B;H;H;H;H;H;H;A;A;B;B;B;B;B;B;B;B;B;H;B;B;B;B;B;B;B;B;A;A;B;B;B;B;B;B;B;B;B;B;B;A;B;B;A;B;A
1168;1.381597126;m;B;H;H;H;H;B;H;A;H;H;H;H;H;H;H;A;B;A;A;B;H;A;H;H;H;H;H;H;H;H;H;H;H;H;H;A;H;A;H;H;H;H;B;B;B;B;B;H;H;H;H;B;H;H;A;A;A;A;A;A;A;A;H;H;A;H;H;A;A;H;A;H;H;H;H;H;A;H;H;H;A;H;A;H;H;H;H;H;H;H;H;H;H;B;H;H;H;H;A;H;H;H;H;H;H;H;H;H;B;H;H;H;H;H;H;B;-;B;B;B;B;B;B;B;B;B;B;B;H;H;B;B;B;H;B;B;H;B;B;H;B;H;B;H;B;H;H;H;H;B;B;B;A;B;A;A;A;B;A;A;A;A;A;B;A;A;B;A;B
1183;1.631853786;m;H;A;A;H;H;H;A;A;H;A;A;A;A;A;A;A;H;A;A;A;A;H;A;A;H;H;A;H;H;H;H;H;H;H;H;A;H;H;H;H;H;B;B;B;H;H;H;A;B;A;A;B;H;H;H;H;H;H;H;H;H;H;A;A;H;H;H;H;H;H;H;H;H;B;H;H;H;B;B;B;A;H;A;H;B;B;B;H;A;H;H;H;H;A;H;H;H;A;H;A;B;A;A;H;A;H;A;A;A;A;H;A;A;A;A;A;A;A;A;A;A;A;A;A;A;A;A;A;H;H;A;A;H;H;H;H;B;B;H;B;B;H;B;A;B;B;B;B;H;B;A;A;A;B;B;B;B;B;B;B;B;A;B;A;B;B;A;B;B
1196;1.680107527;m;A;A;A;A;A;A;A;A;H;A;H;A;A;A;A;A;A;A;A;A;A;H;A;A;H;B;A;H;H;H;H;H;H;H;A;A;B;B;H;B;H;H;H;H;H;H;H;A;H;H;H;H;H;H;H;H;H;H;H;H;H;H;H;A;H;H;B;H;H;H;H;B;B;H;A;B;H;B;B;B;A;B;A;A;H;B;A;A;A;A;H;H;H;H;H;H;H;A;B;A;H;A;A;H;A;H;A;A;H;B;H;A;A;A;A;B;A;H;H;H;H;H;B;H;H;B;B;B;B;A;B;B;H;B;B;H;H;H;B;H;H;A;H;A;H;H;H;H;H;H;B;B;B;A;B;B;B;A;B;B;B;B;B;B;B;B;B;B;A
1211;1.6858;m;H;H;H;H;H;H;H;H;A;H;A;H;H;H;H;H;H;H;H;H;H;H;H;H;H;A;H;H;H;H;A;A;A;A;H;H;A;A;H;A;A;A;A;H;H;H;H;A;B;A;H;H;H;H;H;H;H;H;H;H;A;A;H;H;A;A;H;H;A;H;H;H;H;B;H;H;H;B;B;H;H;H;H;H;H;H;H;H;H;H;H;H;H;H;H;H;H;A;B;H;B;A;A;H;A;H;H;A;A;H;A;A;H;H;A;A;H;H;A;H;H;H;B;H;H;H;H;H;A;H;B;B;H;H;H;H;H;H;H;H;H;H;H;A;H;H;H;B;H;B;B;B;B;A;A;B;A;A;A;A;A;A;A;B;A;A;B;A;A
1228;1.164415463;m;A;A;H;A;A;A;A;H;H;A;H;A;H;H;H;H;A;H;H;H;H;H;H;H;H;H;A;H;H;H;H;H;H;H;B;H;H;H;H;H;H;H;H;A;B;B;B;H;H;H;H;H;B;H;H;H;H;H;H;H;H;H;H;H;H;H;H;H;H;H;H;B;B;H;B;H;H;B;B;B;H;B;H;B;H;B;B;B;H;B;B;B;B;B;B;B;H;B;B;B;H;H;B;B;H;H;H;H;B;B;H;H;H;H;H;B;H;B;B;B;B;B;B;B;B;B;B;B;H;H;B;B;H;H;H;H;H;H;H;H;H;H;B;B;H;H;H;H;H;H;B;B;B;B;B;B;B;B;B;B;B;B;B;B;B;B;B;B;B
1242;0.861178092;m;H;H;A;H;H;H;H;H;H;H;B;H;H;H;H;A;H;H;B;A;A;H;A;A;H;B;H;H;H;H;H;B;B;B;B;A;B;B;H;B;B;B;B;B;B;H;H;B;B;B;B;B;B;B;B;H;H;H;H;H;H;H;B;H;H;B;A;H;H;H;H;A;A;B;B;A;H;H;H;H;A;H;A;B;B;H;B;B;B;B;H;B;B;H;B;B;B;B;H;B;B;B;B;B;B;B;B;B;H;A;H;B;B;B;B;B;B;H;H;H;H;H;H;H;H;H;H;H;B;B;H;H;B;B;B;B;B;B;B;B;B;B;B;B;B;B;B;B;B;B;A;A;A;A;B;A;B;A;B;B;B;-;B;A;B;B;A;B;A
1260;1.148841346;m;H;H;H;B;B;H;B;B;H;H;A;H;H;H;H;B;H;H;H;B;H;A;H;H;A;A;H;A;A;H;H;H;A;A;H;H;A;A;H;A;A;H;H;H;H;H;H;A;A;A;A;H;B;A;A;H;B;H;H;H;H;H;A;H;H;A;A;H;H;H;H;A;A;A;H;A;H;H;H;H;B;H;B;H;H;H;H;H;B;H;H;H;H;H;B;B;A;H;B;H;A;B;H;B;B;A;B;B;H;A;H;B;B;B;B;H;B;H;H;H;H;H;H;A;A;H;H;H;A;B;H;H;H;H;H;H;H;H;H;H;H;B;H;H;H;A;A;A;A;A;B;B;B;B;B;B;B;B;B;B;B;A;-;B;B;B;B;B;B
1272;1.556178027;m;H;H;H;H;H;A;H;A;A;H;A;H;H;H;H;A;A;H;H;H;A;B;A;A;H;A;H;H;H;A;A;A;A;A;B;A;A;A;A;A;A;H;H;H;H;H;H;A;H;A;A;A;H;H;H;B;B;B;B;B;B;B;A;B;B;H;H;B;B;H;B;B;H;H;B;H;B;H;H;B;A;B;A;B;H;B;B;B;A;B;B;B;B;H;B;B;H;A;A;A;H;A;A;B;A;H;A;A;H;H;A;A;A;A;A;H;A;H;H;H;H;H;B;H;H;B;B;B;A;A;B;-;A;A;A;A;H;A;A;H;A;A;H;A;H;H;H;H;A;H;A;A;A;B;B;B;B;B;B;B;B;B;B;A;B;B;A;B;B
1282;1.102049813;m;B;H;B;H;H;B;H;A;H;H;B;H;H;B;B;H;B;B;H;B;B;B;B;B;A;B;H;A;H;H;H;B;B;B;H;B;B;B;H;B;H;H;H;H;A;A;A;B;H;B;B;H;B;B;B;B;H;B;B;B;H;H;B;H;H;H;A;H;H;H;H;A;A;H;H;A;H;H;H;H;A;H;A;H;H;H;A;H;H;H;H;B;H;A;H;H;H;H;H;H;H;H;H;H;H;H;H;H;A;A;H;H;H;H;H;A;H;A;A;A;A;A;A;A;A;A;A;A;B;H;A;A;H;H;H;H;H;H;H;H;H;H;H;H;H;H;B;H;H;H;B;B;B;B;B;B;B;B;B;B;B;B;B;B;B;B;B;B;B
1298;1.119570085;m;H;H;B;H;H;H;H;B;A;H;B;H;H;B;H;B;H;B;H;B;B;B;B;B;A;H;H;A;A;A;A;H;H;H;A;B;H;H;A;H;H;B;B;B;B;B;B;B;H;B;B;H;H;B;B;B;A;B;B;B;A;A;B;H;A;H;H;A;A;A;H;H;H;H;A;H;H;B;B;H;B;H;B;A;H;H;A;A;B;A;A;A;A;H;A;H;H;B;B;B;H;B;B;H;B;H;B;B;B;H;A;B;B;B;B;B;B;H;B;H;H;H;H;H;H;H;H;H;H;B;H;B;H;H;H;H;H;H;H;H;H;B;H;B;H;H;H;H;H;H;B;B;B;B;B;B;B;B;B;B;B;B;B;B;B;B;B;B;B
1314;1.290043065;m;A;A;A;A;A;A;A;H;H;A;B;A;A;A;A;A;A;A;A;A;A;B;A;A;H;H;A;H;H;H;H;H;H;H;H;A;H;H;H;B;H;H;H;H;H;B;B;B;H;B;B;H;H;B;B;B;B;B;B;B;B;B;B;A;B;H;H;B;B;H;H;H;H;H;H;H;B;A;A;A;H;A;H;H;H;A;H;H;H;H;A;H;H;H;H;H;H;H;B;A;H;H;H;H;H;H;H;H;B;H;H;H;H;H;H;B;H;B;B;B;B;B;H;B;H;H;H;H;H;A;H;H;H;H;H;H;H;H;H;H;H;A;H;H;H;H;H;H;H;H;A;A;A;B;B;B;B;B;B;B;B;B;B;A;B;B;A;B;B
1326;1.507386192;m;H;H;H;H;A;H;H;H;H;H;A;H;H;H;H;H;H;H;H;B;H;H;H;H;H;H;H;H;A;A;A;H;H;H;B;H;H;H;A;H;H;H;H;H;H;H;B;A;B;A;A;H;H;A;A;H;H;H;H;H;H;H;A;H;H;H;H;H;H;A;H;H;A;B;H;A;H;H;H;H;H;H;H;H;B;H;H;H;A;H;H;H;H;H;H;H;B;A;A;A;B;A;A;H;A;B;H;A;B;A;A;A;A;H;A;B;A;B;H;B;B;B;H;H;H;H;H;H;H;A;H;H;H;H;H;H;B;B;H;B;B;H;-;A;B;B;B;B;B;B;B;B;B;B;B;B;B;B;B;B;B;B;B;B;B;B;B;B;-
1172;1.224289912;m;A;H;H;A;A;A;H;H;B;H;H;H;H;H;H;H;H;H;H;H;H;H;H;H;B;B;H;B;B;B;B;B;B;B;H;H;B;B;B;B;B;B;H;H;H;H;H;H;H;A;H;A;H;H;H;A;B;B;B;B;B;B;H;H;B;B;H;B;B;B;B;B;B;B;H;H;B;A;A;A;H;H;H;H;A;A;H;H;H;H;H;H;H;H;H;H;B;A;B;A;H;A;A;H;A;B;H;H;H;H;B;H;H;H;H;B;B;H;H;H;H;H;A;H;H;A;A;A;B;B;A;A;A;H;H;A;A;A;A;A;A;B;A;A;A;H;H;H;B;H;A;A;A;B;B;A;A;B;B;B;B;B;B;A;B;B;A;B;A
1184;0.863259669;m;A;A;A;A;A;A;A;H;B;A;B;A;A;A;A;H;A;A;A;A;A;B;A;H;A;B;A;A;A;H;H;B;B;B;B;H;B;B;H;B;B;H;H;A;A;A;A;B;H;B;B;H;B;B;B;B;B;B;B;B;B;B;B;A;B;B;H;B;B;A;B;B;B;H;B;H;B;H;H;H;H;H;H;B;H;H;B;B;B;B;B;B;B;H;B;B;H;B;H;B;H;B;B;B;B;H;B;B;A;B;B;B;B;B;B;-;H;A;A;A;A;A;H;H;H;H;H;H;B;H;H;H;H;H;H;H;H;H;H;H;H;H;H;B;H;H;H;H;H;H;A;A;A;B;B;-;A;B;B;B;B;B;B;A;B;B;A;B;B
1198;1.435132032;m;H;A;A;H;H;H;A;H;H;A;H;A;A;A;A;A;H;A;A;A;A;H;A;A;H;H;A;H;H;H;B;H;H;H;H;A;H;H;H;H;H;H;A;H;H;H;H;H;H;H;H;H;H;H;H;B;H;B;H;H;H;H;H;A;H;H;H;H;H;H;H;A;A;H;H;H;H;H;H;H;A;H;A;H;H;H;H;H;A;H;H;H;H;H;H;H;A;H;H;H;H;H;H;H;H;A;A;H;A;A;B;H;A;A;H;A;A;A;A;A;A;H;H;H;H;H;H;H;H;A;H;H;H;H;H;H;H;H;H;H;H;A;H;H;H;H;H;H;A;H;A;A;A;A;A;A;A;A;A;A;A;A;A;A;A;A;A;A;A
1213;1.029018317;m;A;H;H;A;A;A;H;H;B;H;H;B;H;H;H;H;A;B;H;H;H;B;H;H;B;B;H;B;B;B;B;B;B;B;B;H;B;B;B;B;B;B;H;A;H;H;H;H;B;H;B;B;B;B;B;B;B;B;B;B;B;B;B;H;B;B;H;B;B;B;B;H;H;B;B;H;B;H;H;H;H;B;H;B;B;B;B;B;H;B;B;B;B;H;B;B;B;H;H;H;B;H;H;B;H;B;H;H;B;H;B;H;H;H;H;H;H;H;B;H;H;H;H;H;H;B;B;B;B;H;B;H;B;H;B;B;B;B;B;B;B;A;B;B;B;B;B;B;B;B;B;B;B;B;B;B;B;B;B;B;B;B;B;B;B;B;B;B;B
1229;1.398230401;m;B;H;H;B;B;B;B;B;H;H;B;H;H;H;H;H;H;H;H;H;H;B;H;H;A;H;H;A;A;H;H;H;H;H;H;H;H;H;H;H;H;H;H;A;H;H;H;B;A;B;B;H;H;B;B;B;B;B;B;B;B;B;B;H;B;H;H;B;B;H;B;B;B;A;H;B;B;H;H;B;H;B;H;H;A;B;H;H;A;H;B;H;H;B;H;H;A;A;B;H;A;A;A;H;A;A;A;A;B;B;H;A;A;H;A;B;H;B;B;B;B;B;H;B;B;B;B;B;H;H;B;H;H;H;H;H;A;H;H;A;H;H;H;A;A;A;A;A;A;A;B;B;B;A;A;A;A;A;A;A;A;A;A;B;A;A;B;A;A
1249;1.268713524;m;H;H;A;H;H;H;H;B;H;H;H;H;H;B;H;B;H;H;H;B;H;H;H;H;H;H;H;H;H;H;H;H;H;H;B;H;H;H;H;H;H;H;H;H;H;A;A;H;H;H;H;B;H;H;H;H;H;H;H;H;H;H;H;H;H;H;H;H;B;H;H;H;H;H;B;H;H;A;A;A;B;H;B;B;H;H;B;B;H;B;B;B;B;B;H;H;H;H;A;H;H;H;H;H;H;H;H;H;H;H;H;H;H;H;H;B;H;H;H;H;H;H;B;B;B;B;B;B;H;H;B;B;B;B;B;B;H;B;B;H;B;H;H;H;H;H;H;H;H;H;B;B;B;A;A;A;A;B;A;A;A;A;A;B;A;A;B;A;B
1264;0.925925926;m;H;H;A;H;H;H;H;B;B;H;H;A;A;A;A;H;H;A;A;A;A;H;A;A;H;B;H;H;H;H;B;B;B;B;H;A;B;B;B;H;H;A;A;A;A;A;A;H;H;H;H;H;B;H;H;H;H;H;H;H;H;H;H;H;H;A;B;H;H;H;B;B;B;H;H;B;H;B;B;B;H;B;H;B;H;B;H;H;B;H;B;H;H;H;B;B;H;B;B;H;H;B;B;B;B;H;B;B;H;B;B;B;B;B;B;H;B;H;H;H;H;H;A;H;H;H;A;A;B;B;A;A;H;H;H;H;H;H;H;H;H;B;H;B;H;H;H;H;H;H;A;A;A;B;A;A;A;B;A;A;A;A;A;A;A;A;A;A;B
1273;1.651254954;m;H;B;H;H;H;H;H;H;H;B;A;H;H;H;H;H;H;H;H;H;H;A;H;H;H;H;B;H;H;H;B;H;H;H;A;H;H;H;H;H;H;B;B;B;B;B;B;A;A;A;A;A;A;A;A;H;B;H;H;H;A;B;A;B;B;H;H;B;B;H;B;B;B;A;A;H;B;H;H;H;H;H;H;H;A;H;H;A;A;A;H;A;A;B;A;A;A;A;A;A;A;A;A;A;A;A;A;A;H;B;H;A;A;H;A;H;H;B;H;H;H;B;B;B;B;B;B;B;H;H;B;B;A;A;A;A;A;A;A;A;A;H;A;A;A;A;A;A;A;A;B;B;B;A;B;B;B;A;B;B;B;B;B;B;B;B;B;B;A
1283;1.293995859;m;H;A;H;H;H;H;H;B;H;H;H;A;A;A;A;B;H;H;A;B;B;B;B;B;B;H;H;B;B;H;H;H;H;H;H;B;H;H;H;H;H;H;H;H;H;H;H;H;H;H;H;A;A;B;B;B;B;B;B;B;B;B;H;A;B;H;B;B;B;B;B;B;B;H;H;B;B;B;B;B;B;B;B;H;H;B;H;H;H;H;H;H;H;A;A;A;H;H;A;B;H;H;B;A;H;H;H;H;H;B;H;H;H;B;H;B;B;A;H;H;A;A;H;A;A;A;A;A;H;B;A;H;A;A;A;A;B;H;A;H;H;B;B;B;H;H;H;H;H;H;A;A;A;B;B;A;A;B;B;B;B;B;B;A;B;B;A;B;B
1328;1.327668614;m;A;H;H;A;A;A;A;H;A;A;A;H;H;H;H;H;A;H;H;H;H;H;H;H;A;A;A;A;A;A;A;A;A;A;H;H;A;A;A;A;A;A;A;A;A;A;A;H;H;A;A;H;B;A;H;H;H;H;H;H;H;H;A;H;H;A;H;H;H;A;H;H;H;H;H;H;H;B;B;H;H;H;H;H;H;H;H;H;H;H;H;B;H;B;H;H;H;B;B;H;H;H;H;H;H;H;H;H;B;A;A;H;H;H;H;B;H;B;B;B;B;B;B;B;B;B;B;B;A;H;B;B;H;B;B;H;H;H;B;H;H;H;H;H;H;H;H;H;H;H;A;A;A;B;B;B;B;B;B;B;B;B;B;A;B;B;A;B;A
1331;1.830831197;m;A;A;A;A;A;A;A;B;A;A;B;A;A;A;A;B;A;A;A;A;A;H;A;A;H;A;A;H;H;H;H;A;A;A;A;H;A;A;H;A;A;A;A;A;A;H;H;B;H;B;B;H;H;B;H;H;H;H;H;H;H;H;B;A;H;A;A;H;A;H;H;H;H;H;A;H;H;A;A;A;B;A;B;A;H;A;A;A;A;A;A;A;A;A;A;A;H;A;B;A;H;A;A;A;A;H;H;A;H;H;H;A;A;H;A;A;H;A;H;A;A;A;A;A;A;A;A;A;A;H;A;A;H;H;B;H;H;H;H;H;H;H;H;A;H;H;B;H;H;H;B;B;B;B;B;B;B;B;B;B;B;B;B;B;B;B;B;B;B
1333;1.132502831;m;A;H;H;A;H;A;H;H;H;H;H;H;H;H;H;H;A;H;H;H;H;H;H;H;H;A;H;H;H;H;H;H;H;H;B;H;H;A;H;H;H;H;H;H;H;H;H;H;H;H;H;A;B;H;H;H;H;H;B;B;B;H;H;A;H;H;B;H;B;H;B;B;B;H;B;B;H;A;A;H;H;H;H;B;H;H;-;B;H;B;H;B;B;H;B;B;H;H;B;H;H;H;H;B;B;H;H;H;A;B;H;H;H;H;H;A;H;A;A;A;A;A;B;H;H;B;B;B;H;H;B;B;A;A;A;A;H;H;A;H;H;H;H;A;H;H;H;H;H;H;A;A;A;B;B;A;A;B;A;A;A;A;B;A;B;B;A;B;B
891;;m;H;H;H;H;H;H;H;H;B;H;A;H;H;H;H;H;H;H;H;H;H;A;H;H;B;B;H;B;B;B;B;B;B;B;B;H;B;B;B;B;B;B;B;B;B;B;H;A;H;A;A;H;H;A;A;A;H;H;H;H;H;H;A;H;H;B;B;H;H;B;H;H;H;H;H;B;H;B;B;B;H;H;H;H;H;H;H;H;B;H;H;H;H;A;H;H;B;H;H;H;H;H;H;H;H;B;B;H;H;H;B;H;B;B;H;H;B;H;H;H;H;H;A;H;H;A;A;A;B;H;A;A;H;A;A;H;H;H;A;H;H;H;H;H;H;H;H;H;B;H;A;A;A;A;A;A;A;A;A;A;A;A;A;A;A;A;A;A;A
903;1.149161112;m;H;A;H;H;H;H;A;H;B;A;A;A;A;A;A;H;H;A;A;H;H;B;H;H;B;H;A;B;B;B;B;B;B;B;H;H;H;H;B;H;H;H;H;H;H;H;H;A;B;A;B;B;H;B;B;B;H;B;B;B;H;H;B;A;H;H;H;H;H;B;H;H;H;B;H;H;H;B;B;B;H;B;H;B;B;B;H;H;B;H;B;H;H;H;H;H;H;B;B;B;B;B;B;H;B;H;B;B;H;H;B;B;B;B;B;H;B;H;H;H;H;H;B;H;H;H;H;H;H;B;B;B;B;H;H;H;B;B;H;B;B;B;B;B;B;B;B;B;H;B;A;A;A;A;A;A;A;A;A;A;A;A;A;A;A;A;A;A;A
913;1.809627217;m;H;H;H;H;H;H;H;H;A;H;B;H;H;H;H;H;H;H;H;A;H;H;H;H;H;H;H;H;H;H;H;A;H;H;A;H;H;H;H;H;H;H;H;H;H;H;H;B;B;B;H;H;A;H;H;A;H;A;A;A;H;H;H;H;H;H;H;H;H;H;H;H;H;B;H;H;H;H;H;H;H;H;H;H;B;H;H;A;H;A;H;A;A;H;A;A;B;A;A;A;B;A;A;A;A;B;H;A;H;H;H;A;A;B;A;H;B;H;H;H;H;H;H;H;H;H;H;H;H;B;H;H;H;H;H;H;B;B;H;B;B;B;B;A;B;B;B;B;B;B;B;B;B;A;A;B;B;A;B;B;B;A;A;B;A;A;B;A;A
924;1.344447432;m;B;B;H;B;B;B;B;H;B;B;B;B;B;H;H;H;B;H;B;H;H;H;H;H;H;B;B;H;H;H;H;B;B;B;A;H;B;B;H;B;B;H;H;H;H;H;H;B;H;B;B;H;A;B;B;H;A;A;A;A;A;A;B;B;A;H;H;A;A;H;H;H;H;H;H;H;H;H;H;H;H;H;H;H;H;H;H;H;H;A;H;A;A;B;A;A;B;H;H;H;H;H;H;A;H;B;H;H;B;H;B;H;H;H;H;B;H;B;B;B;B;B;H;B;B;B;H;H;B;H;H;H;H;H;A;H;H;H;H;H;H;H;H;H;H;H;H;H;B;B;A;A;A;A;A;A;A;A;A;A;A;A;A;A;A;A;A;A;A
933;1.041883726;m;H;B;H;B;B;H;B;B;H;B;H;B;B;H;B;H;H;H;B;H;H;B;H;H;A;H;B;A;A;H;H;H;H;H;H;H;H;H;H;H;H;H;H;H;H;B;B;H;H;H;B;H;H;B;B;B;B;B;B;B;B;B;B;B;B;H;B;B;B;A;B;B;B;B;H;B;B;H;H;H;B;H;B;H;H;H;H;H;B;H;H;H;H;H;H;H;B;H;H;H;B;H;H;H;H;B;B;B;H;B;H;B;B;B;B;H;B;H;H;H;H;H;A;H;H;A;A;A;H;B;A;A;H;H;H;H;H;H;H;H;H;B;H;H;H;H;H;B;B;B;A;A;A;B;B;A;A;B;A;A;A;A;A;A;B;B;A;B;B
949;1.406074241;m;H;H;H;H;H;A;H;A;H;H;A;H;H;H;H;H;A;H;H;H;H;A;H;H;B;H;H;B;B;B;H;H;H;H;H;H;H;H;H;H;H;H;H;B;B;B;B;A;H;A;A;H;H;A;A;A;A;A;A;A;A;A;A;H;A;H;H;A;A;B;H;H;H;H;H;H;A;H;H;H;A;B;A;H;H;B;H;H;H;H;H;H;H;H;H;H;H;H;A;H;H;H;H;H;H;H;H;H;H;H;H;H;H;H;H;H;H;H;H;H;H;H;H;H;H;H;H;H;H;H;H;H;H;B;H;H;H;H;B;H;H;H;H;H;H;H;H;H;H;H;A;A;A;B;B;A;A;B;A;B;B;A;B;A;B;B;A;B;B
971;1.379690949;m;H;H;H;H;H;H;H;A;H;H;A;H;H;H;H;A;H;H;-;H;H;H;A;A;H;H;H;H;H;H;H;H;H;H;H;A;B;-;H;H;H;B;B;B;B;B;B;A;H;A;H;B;H;H;H;B;H;H;H;H;H;H;A;H;H;H;A;H;B;H;H;H;H;H;H;H;H;H;H;H;A;H;A;H;H;A;H;H;H;H;H;H;H;A;H;H;A;H;A;H;H;H;H;H;H;A;H;H;H;H;H;H;H;H;H;B;H;A;H;H;H;A;H;A;A;A;A;A;H;H;H;H;B;B;B;B;H;H;B;H;H;H;H;H;H;H;H;H;A;H;A;A;A;A;A;A;A;A;A;A;A;A;A;A;A;A;A;A;A
982;1.764913519;m;H;H;H;H;H;H;H;B;A;H;A;H;H;H;H;B;B;H;H;H;H;H;H;B;H;A;H;A;A;A;A;A;A;A;B;B;A;A;A;A;H;B;B;B;B;B;B;A;H;A;H;H;B;H;H;H;B;H;H;H;H;B;H;H;B;H;H;B;B;A;B;H;H;H;H;H;B;A;A;A;B;A;B;A;H;A;A;B;A;B;A;B;B;H;B;B;H;A;H;H;H;A;H;B;A;H;A;A;B;H;A;A;A;H;A;B;B;H;B;B;H;H;H;H;H;H;H;H;A;B;H;H;H;H;H;A;H;H;A;H;H;B;H;H;H;H;H;H;A;H;B;B;B;A;A;B;A;A;A;A;A;A;A;B;A;A;B;A;A
991;1.383125864;m;H;H;H;H;H;H;H;A;H;H;A;H;H;H;H;A;H;H;H;H;H;B;A;A;H;H;H;H;H;H;H;H;H;H;H;A;H;H;H;H;H;H;H;H;H;H;H;A;A;A;H;H;H;B;B;B;B;B;B;B;B;B;H;H;B;H;B;B;B;H;B;B;B;A;H;B;B;A;A;A;A;A;A;A;A;A;A;H;H;H;A;H;H;H;H;H;A;H;H;H;A;H;H;H;H;A;H;A;B;B;H;A;H;H;A;B;H;H;B;B;H;H;A;H;H;A;A;A;H;H;A;A;H;H;H;H;A;H;H;A;H;H;A;H;A;A;A;A;A;A;A;A;A;A;A;A;A;A;A;A;A;A;A;A;A;A;A;A;A
892;;m;A;H;H;A;A;A;A;A;H;H;A;A;H;H;H;A;H;H;H;H;H;A;H;H;A;H;H;A;A;A;A;H;H;H;B;H;H;H;A;H;H;A;A;A;A;A;A;A;H;A;A;H;B;A;A;A;B;A;A;A;A;B;A;H;H;H;B;B;H;A;B;B;B;H;B;B;B;H;H;B;A;B;A;B;H;B;B;B;H;B;B;B;B;B;B;B;H;B;B;H;H;B;B;B;B;H;A;B;H;B;H;B;B;A;B;H;A;H;H;H;H;B;B;B;B;B;B;B;H;A;B;B;H;H;H;H;H;H;H;H;H;A;H;B;H;H;H;H;H;H;A;A;A;A;A;A;A;A;A;A;A;A;A;A;A;A;A;A;A
904;1.323801959;m;B;B;B;B;B;A;B;A;A;B;B;B;B;B;B;H;A;B;B;B;B;A;H;H;H;H;B;H;H;A;A;A;H;H;B;H;H;H;A;H;H;B;B;H;H;H;H;B;A;B;H;B;H;H;H;A;H;A;A;A;A;H;H;B;B;B;H;H;H;A;H;H;H;A;B;H;H;H;H;H;A;H;A;B;A;H;B;B;H;B;H;B;B;H;H;H;A;B;H;B;A;H;B;H;B;A;H;H;B;H;A;H;H;H;H;B;H;B;B;B;B;B;A;H;H;A;A;A;H;H;A;A;B;B;B;B;A;H;B;A;H;H;A;B;A;A;A;A;A;A;A;A;A;A;A;A;A;B;A;A;A;A;A;A;A;A;A;A;B
915;1.557632399;m;H;H;A;H;H;H;H;H;A;H;H;A;A;A;A;H;H;A;A;A;A;H;A;H;A;H;H;A;A;A;A;H;H;H;H;H;H;H;A;H;H;H;B;B;B;B;B;H;H;H;H;A;B;H;H;H;H;H;H;H;H;H;H;A;B;H;H;H;H;A;B;H;H;H;H;H;B;H;H;H;H;H;H;H;H;H;H;H;B;H;H;H;H;H;H;H;B;A;B;A;H;H;A;H;H;B;B;H;H;H;A;H;B;B;H;H;B;H;H;H;H;H;H;H;H;H;H;H;H;B;H;H;A;A;A;A;H;A;A;A;A;B;A;A;A;H;H;H;B;H;B;B;B;A;A;B;A;B;A;A;A;A;A;B;A;A;B;A;B
937;1.24100273;m;H;A;A;A;A;H;A;H;H;A;H;A;A;A;A;A;H;A;A;A;A;A;A;A;B;H;A;B;B;B;B;H;H;H;A;A;H;B;B;B;B;B;H;H;H;H;H;H;H;H;A;H;A;A;A;A;H;A;A;A;A;A;A;A;A;B;H;H;A;B;H;H;H;H;A;H;H;H;H;H;H;A;H;A;H;A;A;A;B;A;A;A;A;A;A;A;H;B;A;H;H;B;B;A;B;H;B;B;A;H;H;B;B;B;B;A;B;A;A;A;A;A;A;A;A;A;A;A;H;B;A;A;A;A;A;A;H;H;A;H;H;B;H;B;H;H;H;H;H;H;A;A;A;A;A;A;A;A;A;A;A;A;A;A;A;A;A;A;A
972;;m;B;B;B;B;B;B;B;H;B;B;H;B;B;B;B;B;B;B;B;B;B;H;B;B;A;B;B;A;A;B;B;B;B;B;A;B;B;B;H;H;A;H;H;A;A;H;H;H;B;H;A;B;A;H;H;H;H;H;H;H;H;H;A;B;B;H;A;A;H;A;A;A;A;B;A;A;A;A;A;A;B;A;B;A;B;A;A;A;A;A;A;A;A;H;A;A;B;A;H;A;B;A;A;A;A;B;A;A;H;A;B;A;A;A;A;H;A;H;H;H;H;H;H;H;H;H;H;H;B;A;H;H;H;H;H;H;B;B;H;B;B;A;B;A;B;B;B;B;B;B;B;B;A;B;A;A;A;B;A;A;A;A;A;B;A;A;B;A;B
983;1.373626374;m;H;H;B;H;H;H;H;B;H;H;H;H;H;H;H;B;H;B;H;B;B;A;B;B;H;A;H;H;H;H;H;H;A;A;B;B;A;A;H;H;H;H;H;B;B;H;H;H;B;H;H;B;H;H;H;A;A;A;A;A;A;A;H;H;A;H;H;A;A;H;A;H;H;B;H;H;A;A;A;A;B;A;B;H;B;A;H;B;H;B;A;B;B;H;B;B;B;H;H;H;B;H;H;B;H;B;H;H;H;H;H;H;H;H;H;H;H;H;H;H;H;H;A;H;H;A;A;A;A;H;A;A;B;B;B;B;B;B;B;B;B;H;B;H;B;B;B;B;B;B;A;A;A;B;A;A;A;B;A;A;A;A;A;A;A;A;A;A;B
992;1.575299307;m;B;A;H;H;H;B;A;B;B;A;H;A;A;H;H;B;B;H;A;B;B;H;B;B;B;B;A;B;B;B;B;B;B;B;H;B;B;B;B;B;H;H;H;H;H;A;A;H;B;H;H;B;H;H;H;H;A;H;H;H;H;A;H;A;H;H;A;A;A;B;A;A;A;B;A;A;A;A;A;A;B;A;B;A;B;A;A;A;A;H;A;H;H;A;H;H;B;H;H;B;B;H;H;H;H;B;A;A;A;A;B;A;A;A;A;A;A;A;A;A;A;A;A;A;A;A;A;A;B;H;A;A;B;H;B;B;B;B;B;B;B;H;B;H;B;B;B;B;B;B;B;B;B;B;B;B;B;B;B;B;B;B;B;B;B;B;B;B;B
894;;m;B;B;B;B;B;B;B;A;B;B;A;B;B;B;B;A;B;B;B;B;H;A;H;A;H;B;B;H;H;H;H;B;B;B;H;A;B;B;H;B;B;B;B;B;B;B;B;A;A;A;A;H;B;A;A;A;A;A;A;A;A;A;A;B;A;B;A;A;A;H;A;A;A;A;H;A;A;A;A;A;A;A;A;H;A;A;H;H;H;H;H;H;H;B;H;H;A;H;B;H;A;H;H;B;H;A;H;H;H;A;H;H;H;H;H;H;H;B;H;B;B;B;B;B;B;B;B;B;B;H;B;B;B;B;B;B;A;H;B;A;H;H;A;H;A;A;A;A;A;A;A;A;A;B;B;A;A;A;A;B;B;B;B;A;B;B;A;B;A
905;1.093852549;m;H;H;H;H;H;H;H;A;H;H;H;H;H;A;H;A;A;H;H;H;H;H;H;H;A;H;H;A;A;H;H;H;H;H;B;A;H;H;H;H;H;H;B;H;H;H;H;H;B;H;H;H;B;H;H;H;B;H;H;H;H;H;H;A;B;H;B;B;H;A;B;B;B;B;B;B;B;H;H;H;A;H;A;H;B;H;H;B;B;B;H;B;B;H;B;B;B;H;B;H;B;B;H;B;B;B;B;B;H;B;H;B;B;B;B;H;B;H;H;H;H;H;A;H;H;A;A;A;H;B;A;A;H;H;H;H;B;H;H;H;H;B;H;H;H;B;B;B;B;B;A;A;A;A;A;A;A;A;A;A;A;A;A;A;A;A;A;A;A
917;1.239464551;m;H;H;A;H;H;H;H;B;H;H;A;H;H;A;A;B;H;A;H;A;H;A;H;B;H;H;H;H;H;H;H;H;H;H;A;B;H;H;H;H;H;H;A;A;A;A;A;A;H;A;A;A;A;A;A;A;H;A;H;H;H;H;A;H;H;H;B;H;H;H;H;H;B;H;A;B;H;B;B;B;B;H;B;A;H;H;A;A;A;A;H;A;A;B;A;A;H;B;A;B;H;B;B;A;B;H;A;B;B;B;H;B;A;A;B;B;A;B;B;B;B;B;B;B;B;B;B;B;H;A;B;B;A;A;A;A;H;A;A;H;A;A;H;B;H;H;H;H;H;H;B;B;B;A;A;B;B;A;B;B;B;B;A;B;A;A;B;A;A
926;0.937910336;m;H;H;B;H;H;B;H;H;H;H;B;H;H;B;B;B;H;B;-;B;B;B;B;B;A;B;H;A;A;H;H;H;H;H;B;B;B;B;H;B;H;A;A;A;A;A;A;B;A;B;B;B;H;B;B;B;B;B;B;B;B;B;B;H;B;H;B;B;B;H;B;B;B;A;B;B;B;A;A;A;H;A;H;B;H;A;B;B;B;B;H;B;B;B;H;H;A;B;H;H;A;B;B;H;B;A;B;B;H;B;H;B;B;H;B;H;H;B;H;H;H;B;B;B;B;B;B;B;B;H;B;B;B;B;B;B;H;B;B;B;B;H;B;B;B;H;A;A;A;A;A;A;A;A;A;A;A;B;A;A;A;A;A;A;A;A;A;A;B
952;1.350256549;m;A;B;B;A;H;A;B;B;H;B;H;B;B;B;B;B;A;B;B;B;B;H;B;B;A;H;B;A;A;A;H;H;H;H;B;B;H;H;A;H;H;H;H;B;B;B;B;B;H;H;H;H;B;H;H;H;H;H;H;H;H;H;H;B;H;H;B;H;H;A;H;H;H;B;B;H;H;B;B;B;B;B;B;B;H;B;B;B;H;B;B;B;B;B;B;B;B;H;B;H;B;A;H;B;H;B;H;A;B;H;H;A;H;H;A;B;H;B;B;B;B;B;H;B;B;B;B;B;H;H;B;H;H;H;B;H;H;H;H;H;H;H;H;H;H;H;H;H;B;B;B;B;B;B;B;B;B;A;B;B;B;A;-;B;B;B;B;B;A
973;1.786352269;m;H;A;A;H;H;H;H;B;B;A;A;A;A;A;A;B;H;A;A;A;A;A;A;A;H;H;H;H;H;B;B;H;H;H;H;H;H;H;B;H;H;H;H;H;H;H;H;A;A;A;A;A;H;A;A;A;A;A;A;A;A;A;A;A;A;H;H;A;A;H;A;H;H;A;H;H;A;A;A;A;B;A;B;A;A;A;H;H;A;H;A;H;H;A;H;H;A;A;H;A;A;A;A;H;A;A;A;A;H;H;B;A;A;A;A;H;A;A;H;A;A;A;A;A;A;A;A;A;H;H;A;A;A;A;A;A;A;A;A;A;A;H;A;A;A;A;A;A;A;A;A;A;A;A;A;A;A;A;A;A;A;A;A;A;A;A;A;A;A
984;1.366867141;m;A;A;A;A;A;A;A;H;A;A;H;A;A;A;A;A;A;A;A;A;A;H;A;A;A;H;A;A;A;A;A;H;H;H;B;A;H;H;A;H;H;A;A;A;H;H;H;H;H;H;H;H;A;H;H;H;H;H;H;H;H;H;H;A;H;H;H;H;H;A;H;H;H;H;H;H;H;A;A;A;H;H;H;H;H;H;H;H;A;B;H;B;B;B;H;A;H;H;A;B;H;H;B;A;H;H;A;H;B;H;A;H;A;A;H;B;A;B;B;B;B;B;H;B;B;B;B;B;H;H;B;H;H;H;H;H;H;H;H;H;H;H;H;B;H;H;H;H;H;H;A;A;A;B;A;A;A;B;A;A;A;A;A;A;A;A;A;A;B
997;1.115573405;m;B;H;H;B;H;B;H;H;B;H;B;H;H;H;H;H;B;H;B;A;H;B;H;H;B;B;H;B;B;B;B;B;B;B;H;H;B;B;B;B;B;B;B;B;B;H;H;B;A;B;B;H;B;B;B;B;H;B;H;H;H;H;B;H;H;B;H;H;H;B;B;H;H;A;H;H;H;H;H;H;H;H;H;H;H;H;H;H;H;H;A;H;H;H;B;B;A;H;B;H;A;H;H;B;H;A;H;H;H;A;B;H;H;H;H;H;H;H;H;H;H;H;H;H;H;H;B;B;B;H;H;H;H;H;H;H;H;H;H;H;H;H;H;H;H;H;A;A;A;A;B;B;B;B;B;B;B;B;B;B;B;B;B;B;B;B;B;B;B
896;;m;B;A;A;B;H;B;A;B;B;A;H;A;A;A;A;H;B;A;A;A;H;A;H;H;H;B;A;H;H;H;B;B;B;B;H;H;B;B;H;B;B;B;B;B;B;B;B;H;H;H;H;H;H;A;A;H;A;H;H;H;H;A;H;A;A;B;H;A;A;H;H;H;H;H;H;H;A;B;B;B;B;H;B;H;H;H;H;H;B;H;H;H;H;H;H;B;H;B;H;H;H;B;B;B;B;H;B;B;A;H;B;B;B;B;B;A;B;A;A;A;A;A;B;H;H;H;B;B;B;B;B;B;H;H;H;H;H;H;H;H;H;B;H;B;H;H;H;H;H;H;A;A;A;A;A;A;A;A;A;A;A;A;A;B;A;A;B;A;B
906;0.907770516;m;B;H;H;B;B;B;B;H;B;H;A;H;H;H;H;B;B;H;H;B;B;A;B;B;B;B;B;B;B;B;B;B;B;B;B;B;B;B;B;B;B;B;B;B;B;B;B;A;B;A;A;B;H;A;A;A;H;A;A;A;H;H;A;H;H;B;B;H;H;B;H;H;B;B;B;B;H;H;H;H;B;H;H;H;B;H;B;B;B;B;H;B;B;H;B;H;H;B;H;B;B;B;B;H;B;H;B;B;B;B;B;B;B;B;B;B;B;B;B;B;B;B;H;B;H;H;H;H;B;B;H;H;B;B;B;B;B;B;B;B;B;B;B;B;B;B;B;B;H;B;B;B;B;A;A;B;B;A;B;A;A;A;A;B;A;A;B;A;A
919;1.414427157;m;H;H;A;H;H;H;H;A;A;H;A;H;H;H;H;A;A;H;H;A;A;A;A;A;A;A;H;A;A;A;A;A;A;A;H;A;A;A;A;A;H;H;H;H;H;H;H;A;A;A;A;H;A;A;A;A;H;H;H;H;H;H;A;H;H;H;B;H;H;A;B;B;B;A;H;B;H;B;B;B;A;B;A;H;A;B;H;H;H;H;H;A;A;B;A;A;A;H;H;B;A;H;H;A;H;A;H;H;B;B;A;H;H;H;H;B;H;B;B;B;B;B;H;B;B;B;H;H;A;H;H;H;H;B;B;H;A;H;B;A;H;H;A;H;A;A;A;A;A;A;A;A;A;A;A;A;A;A;A;A;A;A;A;A;A;A;A;A;A
927;1.173158142;m;B;B;B;B;B;H;B;A;H;B;B;B;B;B;B;H;H;H;B;H;H;H;H;H;A;H;B;A;A;H;H;H;H;H;H;H;H;H;H;H;H;H;H;H;H;H;H;B;A;B;B;A;A;H;H;H;H;H;H;H;H;H;B;B;B;H;H;H;H;H;H;H;H;A;H;H;H;H;H;H;A;H;A;H;A;H;H;H;B;H;H;H;H;A;H;H;A;B;H;B;A;B;B;H;B;A;B;B;H;H;H;B;B;H;B;H;H;A;H;A;A;A;H;A;A;A;A;A;H;A;H;H;A;A;A;A;A;A;A;A;A;A;A;B;A;A;A;A;A;A;A;A;A;A;A;A;A;A;A;A;A;A;A;A;A;A;A;A;A
941;1.111605158;m;B;B;H;B;B;B;B;H;H;B;A;H;H;H;H;H;B;H;A;H;H;A;H;H;H;H;B;H;H;H;H;H;H;H;B;H;H;H;H;H;H;A;A;A;A;A;A;A;H;A;A;H;H;A;A;A;B;A;A;A;B;H;A;H;B;A;B;B;B;H;B;B;B;H;B;B;B;H;H;H;H;H;H;B;H;H;B;B;B;B;B;B;B;H;B;B;H;H;A;H;H;B;H;B;B;H;B;B;H;B;H;B;B;B;B;B;B;H;H;H;H;H;A;H;H;A;A;A;H;B;A;A;H;A;A;H;H;H;A;H;H;B;H;H;H;H;H;B;H;H;B;B;B;B;A;A;A;B;A;A;A;A;A;B;A;A;B;A;B
955;1.298026999;m;H;A;A;H;H;H;H;B;A;A;B;A;A;A;A;B;H;A;A;A;A;B;A;A;H;A;H;H;H;H;H;A;A;A;H;A;A;A;H;A;A;A;A;A;H;H;H;B;B;B;B;B;H;B;B;H;H;H;H;H;H;H;B;A;H;A;H;H;H;H;H;H;H;B;H;H;H;A;A;A;B;A;B;H;B;A;H;H;H;H;H;H;H;H;B;B;B;H;H;H;B;B;H;B;B;B;H;B;H;A;A;B;H;H;B;H;H;H;A;H;H;H;A;H;H;H;A;A;A;H;A;A;B;B;B;B;B;B;B;B;B;H;B;H;B;B;B;B;B;B;B;B;B;B;A;B;A;B;A;A;A;A;A;B;A;A;B;A;B
974;1.380834024;m;B;H;A;B;B;B;H;B;H;H;A;A;A;A;A;B;B;A;A;A;A;H;A;H;H;H;H;H;H;A;H;H;H;H;B;H;B;H;H;H;H;H;H;H;H;H;H;A;B;A;A;B;B;A;A;H;H;H;H;H;H;H;A;A;H;H;H;H;H;H;H;H;H;B;B;H;H;H;B;B;B;B;B;B;B;B;B;B;H;B;B;B;B;B;B;B;B;B;B;B;B;H;B;B;H;B;H;H;B;H;H;H;H;A;H;B;A;B;B;B;B;B;H;B;B;B;B;B;H;A;B;H;B;B;B;B;B;B;B;B;B;A;B;B;B;B;B;B;H;B;A;A;A;A;A;A;A;B;A;A;A;A;A;A;A;A;A;A;B
985;1.215953307;m;A;H;B;A;A;A;A;H;B;H;H;H;H;H;H;B;A;B;A;B;B;H;B;B;A;B;A;A;A;A;B;B;B;B;B;B;B;B;H;H;H;H;A;A;A;A;A;H;H;H;H;H;H;H;H;H;A;H;A;A;A;A;H;H;A;H;A;A;A;A;A;A;A;H;B;A;A;B;B;B;H;B;H;B;H;B;B;B;H;B;B;B;B;A;B;B;B;H;H;H;H;H;H;B;H;B;H;H;A;A;B;H;H;H;H;A;H;A;A;A;A;A;A;A;A;A;A;A;B;H;A;A;H;H;H;H;H;H;H;H;H;H;H;H;H;H;H;H;B;H;B;B;B;B;B;B;B;B;B;B;B;B;B;B;B;B;B;B;B
999;1.306847883;m;H;H;H;H;H;H;H;H;H;H;B;H;H;H;H;H;H;H;H;H;H;B;H;H;B;H;H;B;H;H;H;H;H;H;H;H;H;H;H;H;H;H;H;A;A;H;H;B;B;B;B;B;B;B;B;H;H;H;H;H;H;H;B;H;B;H;H;H;H;H;H;H;H;B;A;H;H;A;A;A;A;A;A;A;B;A;A;H;H;H;A;H;H;A;B;B;H;H;B;B;B;H;B;B;H;H;H;H;A;H;H;H;H;H;H;A;H;A;A;A;A;A;H;A;A;A;A;A;H;B;A;H;B;B;B;B;B;B;B;B;B;B;B;B;B;B;B;B;H;B;B;B;B;A;A;B;B;A;B;B;B;B;A;B;A;A;B;A;B
898;;m;H;B;B;H;H;H;B;H;H;B;A;B;B;B;B;H;H;B;B;B;B;A;B;B;A;H;B;A;A;A;A;H;H;H;A;B;H;H;A;H;H;H;H;H;B;B;B;A;H;A;A;H;A;A;A;A;H;A;H;H;H;H;A;B;H;H;A;H;H;A;H;H;H;H;A;H;H;H;H;H;H;A;H;A;H;A;A;A;A;A;A;A;A;A;A;A;H;H;H;H;H;H;H;A;H;H;A;H;H;H;A;H;A;A;H;H;A;H;H;H;H;A;H;A;A;H;H;H;H;A;H;H;H;H;H;H;H;B;H;H;B;A;H;H;H;H;H;H;H;H;A;A;A;A;A;A;A;A;A;A;A;A;A;A;A;A;A;A;A
907;1.225790635;m;H;H;H;H;H;H;H;H;B;H;H;H;H;H;H;H;H;H;A;H;H;H;H;H;A;B;H;A;A;H;B;B;B;B;A;H;B;B;H;B;H;H;H;H;H;H;H;B;B;H;H;H;A;H;H;H;H;H;H;H;H;H;H;H;H;H;H;H;H;H;H;H;H;B;A;H;H;A;A;A;H;A;H;A;B;A;A;A;H;A;A;A;A;B;A;A;B;H;A;A;B;H;H;A;H;B;H;H;B;H;B;H;H;H;H;B;H;B;B;B;B;B;B;B;B;B;B;B;B;H;B;B;H;H;H;H;B;B;H;B;B;H;B;H;B;B;B;B;B;B;A;B;B;A;A;B;B;A;B;B;B;B;B;A;B;A;A;A;A
920;1.130965845;m;A;B;B;A;A;A;B;B;H;B;H;B;B;B;B;B;A;B;B;B;B;A;B;B;B;H;B;B;B;B;H;H;H;H;H;B;H;H;H;H;H;A;H;A;H;H;H;H;H;H;H;H;B;A;A;A;H;A;A;A;A;H;H;B;H;H;H;H;H;B;A;A;A;H;H;A;A;H;H;B;B;H;B;H;H;B;H;H;B;H;H;H;H;A;H;B;H;B;B;B;H;B;B;B;B;H;B;B;H;A;H;B;B;B;B;H;B;A;H;H;H;A;A;A;A;A;A;A;H;B;A;A;H;H;H;H;H;H;H;H;H;B;H;B;H;H;H;H;H;H;B;B;B;A;A;B;B;A;B;B;B;B;B;B;B;A;B;A;A
929;1.495215311;m;H;H;H;H;H;H;H;H;H;H;A;H;H;H;H;A;H;H;H;H;H;A;H;H;H;A;H;H;H;B;H;H;H;H;H;H;A;A;B;A;A;H;H;H;H;H;H;A;A;A;A;A;H;A;A;A;A;A;A;A;A;A;A;B;A;H;H;A;A;H;H;H;H;A;H;H;A;H;H;H;H;H;H;A;A;H;A;H;H;H;A;H;H;H;H;H;H;B;H;B;A;H;B;H;H;H;H;H;H;H;H;H;H;B;H;H;B;H;H;H;H;H;H;H;H;H;H;H;A;B;H;H;A;A;A;A;A;A;A;A;A;B;A;B;A;A;A;A;H;A;A;A;A;B;A;A;A;B;A;A;A;A;A;A;A;A;A;A;B
942;1.46627566;m;B;B;B;B;B;B;B;B;B;B;H;B;B;B;B;B;B;B;B;H;B;B;B;B;H;B;B;H;H;H;B;B;B;B;A;B;B;B;H;H;H;H;H;H;H;H;H;H;H;H;B;H;H;B;B;B;H;B;B;B;H;H;B;B;B;H;H;H;H;H;H;H;A;H;A;H;H;H;B;B;B;B;B;A;H;B;A;A;A;A;A;A;A;B;A;A;A;A;H;A;H;A;A;H;A;A;A;A;B;B;B;A;A;A;A;B;A;B;B;B;B;B;B;B;B;B;B;B;B;A;B;B;H;H;H;H;H;H;H;H;H;A;H;A;H;H;B;H;A;H;B;B;B;B;B;B;B;B;B;B;B;B;B;B;B;B;B;B;B
962;1.396258028;m;H;H;H;H;H;H;H;H;H;H;B;H;H;H;H;H;H;H;A;H;H;H;H;H;H;H;H;H;H;H;H;H;H;H;H;H;H;H;H;H;B;B;H;H;H;H;H;B;H;B;H;H;B;H;H;A;A;A;A;A;A;A;H;A;A;B;B;H;A;H;H;H;H;B;H;B;B;A;A;A;H;A;H;H;H;A;H;H;H;H;H;H;H;A;H;H;H;B;B;H;H;H;B;H;H;H;H;H;A;H;H;H;H;H;H;A;H;A;A;A;A;A;H;A;A;A;H;H;H;H;H;H;H;A;A;H;H;H;A;H;H;H;H;B;H;H;H;H;H;H;A;A;A;A;A;A;A;A;A;A;A;A;A;A;A;A;A;A;A
975;0.910912735;m;H;H;H;H;H;H;H;H;B;H;A;H;H;H;H;H;H;H;H;B;H;A;H;H;A;B;H;A;A;A;H;B;B;B;B;H;B;B;A;B;B;H;H;H;H;H;H;A;H;A;A;B;A;A;A;A;A;A;A;A;A;A;A;H;A;H;B;A;A;A;A;A;H;H;B;B;A;A;A;H;H;B;H;B;H;B;B;B;B;B;B;B;B;H;A;A;H;H;A;H;H;B;H;A;B;H;H;B;A;B;H;B;B;H;B;A;H;H;A;A;H;H;H;H;H;H;H;H;B;H;H;H;B;B;B;B;H;B;B;H;B;H;H;H;H;H;H;H;H;H;A;A;A;A;A;A;A;A;A;A;A;A;A;A;A;A;A;A;A
986;1.284026708;m;B;A;A;H;H;B;A;H;H;A;H;A;A;A;A;H;B;A;A;A;A;A;A;A;A;H;A;A;A;A;H;H;H;H;B;H;H;A;A;H;A;A;A;A;A;A;A;H;B;H;A;B;H;A;A;A;H;A;H;H;H;H;A;A;H;A;B;H;H;A;H;H;B;B;H;B;H;A;A;A;H;A;H;A;B;A;H;H;H;H;A;H;H;B;H;H;B;B;H;B;B;B;B;H;B;B;H;B;B;B;H;B;B;H;B;B;H;B;H;B;B;B;B;B;B;B;B;B;H;H;B;B;B;B;B;B;B;B;B;B;B;H;B;B;B;B;B;B;B;B;B;B;A;A;A;A;A;A;A;A;A;A;A;B;A;A;B;A;B
1000;0.868055556;m;H;H;H;H;H;H;H;H;B;H;B;H;H;H;H;H;B;H;H;H;H;B;H;H;A;B;H;A;A;H;B;B;B;B;H;H;B;B;H;B;B;H;H;H;H;A;A;B;A;B;B;A;H;B;B;H;H;H;H;H;H;H;B;H;H;B;H;H;H;A;H;H;H;A;H;H;H;B;B;H;H;H;H;H;A;H;H;H;B;H;H;H;H;A;H;H;A;B;H;B;A;B;B;H;B;A;B;B;H;H;B;B;B;B;B;B;B;H;H;H;H;A;H;A;A;A;A;A;B;H;H;H;A;B;B;H;A;A;H;A;A;H;A;B;A;A;A;A;A;A;A;A;A;A;A;A;A;B;A;A;A;A;A;A;A;A;A;A;B
899;1.41723356;m;B;H;H;B;B;H;B;H;H;H;H;H;H;H;H;H;H;H;H;H;H;H;H;H;H;H;B;H;H;H;H;H;H;H;B;H;H;H;H;H;H;B;B;B;B;B;B;H;H;H;H;H;H;H;H;H;H;H;H;H;H;H;H;H;H;H;B;H;H;H;H;H;B;H;B;B;H;B;B;B;H;B;H;B;H;B;B;B;B;B;B;B;B;A;H;H;H;A;H;A;H;H;A;H;A;H;B;H;H;B;H;H;H;B;H;H;B;H;H;H;H;H;H;A;A;A;A;A;H;B;A;H;H;H;H;H;H;H;H;H;H;B;H;A;H;H;H;H;H;H;B;B;B;A;B;B;B;A;B;B;B;B;B;B;B;B;B;B;A
908;1.244400199;m;H;H;A;H;H;H;H;A;B;H;H;H;H;A;H;A;A;A;-;A;A;A;A;A;A;B;H;A;A;H;B;B;B;B;B;A;B;B;H;B;B;B;H;H;H;A;A;H;H;H;A;H;B;A;A;A;A;A;A;A;A;A;A;H;A;B;B;A;A;A;A;A;B;H;B;B;A;A;A;A;A;A;A;A;H;A;H;B;H;B;A;B;B;H;B;B;H;H;B;H;H;H;H;B;H;H;H;H;H;B;B;H;H;B;H;H;B;H;A;H;H;H;B;H;H;H;H;H;B;H;B;B;H;B;B;H;H;H;H;H;H;H;H;H;H;H;H;H;H;H;B;B;B;A;B;B;B;A;B;B;B;B;B;A;B;B;A;B;A
921;1.467997651;m;H;B;B;H;B;A;B;A;B;B;H;B;B;B;B;H;A;B;B;B;B;H;B;B;H;B;B;H;H;B;B;B;B;B;A;B;B;B;B;H;H;H;H;H;H;H;H;A;H;H;H;B;A;H;H;H;H;H;H;H;H;H;H;B;H;H;H;H;H;B;H;H;H;H;A;H;H;H;H;H;A;H;A;A;H;H;A;A;H;A;A;A;A;B;A;A;H;H;B;H;H;A;H;A;A;H;H;A;B;H;B;A;A;H;A;B;H;B;B;B;B;B;B;B;B;B;B;B;B;H;B;B;B;B;B;B;H;B;B;H;B;H;H;H;H;H;H;H;H;H;B;B;B;A;A;B;B;A;B;B;B;B;B;B;B;B;B;A;A
930;1.310272537;m;B;H;H;B;B;B;B;B;A;B;H;H;H;H;H;B;B;H;B;H;H;B;H;B;H;H;B;H;H;A;A;A;H;H;B;B;H;H;A;H;H;H;H;H;H;H;H;H;A;H;B;A;H;B;B;B;B;B;B;B;B;B;B;H;B;H;H;B;B;A;H;H;H;A;B;H;B;B;B;B;B;B;B;B;A;B;B;B;H;B;B;B;B;B;H;H;A;B;H;B;A;B;B;H;B;A;H;H;B;H;A;H;H;H;H;B;H;B;B;B;B;B;B;B;B;B;B;B;H;H;B;B;A;H;B;H;A;A;H;A;A;H;A;B;A;A;A;A;A;A;A;A;A;A;A;A;A;A;A;A;A;A;A;A;A;A;A;A;B
943;1.518372305;m;A;H;H;A;A;A;A;H;H;H;H;B;H;H;H;H;A;H;H;H;H;H;H;H;B;H;A;B;B;B;B;H;H;H;A;H;H;H;B;H;H;H;A;A;A;A;A;H;H;H;H;B;A;H;H;H;A;A;A;A;A;A;H;H;A;H;H;A;A;B;H;H;H;H;A;H;H;A;A;A;H;A;H;A;H;A;A;A;H;A;A;A;A;H;A;A;H;H;A;H;H;H;H;A;H;H;H;H;H;H;B;H;H;B;H;H;B;H;H;H;H;H;H;H;H;H;H;H;H;B;H;H;B;B;B;B;H;H;B;H;H;B;H;H;H;H;H;H;H;H;A;A;A;A;A;A;A;A;A;A;A;A;A;A;A;A;A;A;A
963;1.592863969;m;B;A;A;H;H;B;H;H;B;H;B;A;A;A;A;H;B;A;A;A;H;B;H;H;H;H;H;H;H;H;B;B;H;H;B;H;H;H;H;H;H;H;H;H;H;H;H;B;B;B;B;B;B;B;B;B;A;H;A;A;A;A;B;A;A;H;B;A;A;H;A;A;H;B;H;B;A;A;A;H;H;H;H;H;B;H;H;H;A;B;H;B;B;A;B;B;B;A;H;H;B;A;A;B;A;B;A;A;A;B;B;A;A;A;A;A;A;A;A;A;A;A;B;A;A;H;H;H;H;H;H;B;B;H;H;B;B;B;B;B;B;H;B;A;B;B;B;B;B;B;A;A;A;A;B;A;A;A;A;A;A;B;B;A;B;B;A;B;A
977;1.339764202;m;B;H;H;B;B;B;A;B;B;H;B;H;H;H;H;B;B;H;A;H;H;B;H;H;A;H;H;A;A;B;B;B;B;B;A;H;H;H;B;H;H;B;B;B;H;H;H;B;B;B;B;B;H;B;B;B;H;B;B;B;H;H;B;H;H;H;H;H;H;H;H;H;H;B;H;H;H;B;B;B;B;B;B;H;B;B;H;A;H;A;B;A;A;B;A;A;H;A;H;A;B;H;A;H;H;H;H;H;H;H;B;H;H;H;H;H;H;H;H;H;H;H;B;B;B;B;B;B;H;H;B;B;B;B;B;B;B;B;B;B;B;H;B;A;B;B;B;B;H;B;A;A;A;A;A;A;A;A;A;A;A;A;A;A;A;A;A;A;A
988;1.234872808;m;B;B;B;B;B;B;B;A;A;B;A;B;B;B;B;A;B;B;B;A;A;H;A;A;H;H;B;H;H;A;A;H;H;H;B;A;H;H;A;H;H;B;B;B;B;B;B;A;H;A;A;B;H;A;A;H;H;H;H;H;H;H;A;H;H;H;H;H;H;H;B;B;B;H;B;B;H;B;B;B;A;B;A;B;H;B;H;B;H;B;B;B;B;B;B;B;H;H;H;H;H;H;H;B;H;H;H;H;H;B;A;H;H;H;H;H;H;B;H;H;H;B;B;B;B;B;B;B;H;B;B;B;B;H;H;B;H;H;H;H;H;B;H;H;H;H;H;H;H;H;A;A;A;B;B;B;B;B;B;B;B;B;B;A;B;B;A;B;B
1002;1.317523057;m;H;B;B;B;B;H;B;H;A;B;B;B;B;B;B;H;H;B;B;B;B;H;B;B;A;A;B;A;A;A;A;A;A;A;H;H;A;A;A;H;H;H;H;H;H;H;H;B;A;B;B;A;H;H;H;H;H;H;H;H;H;H;B;B;H;H;H;H;H;A;H;H;H;A;A;H;H;A;A;A;H;A;H;A;A;A;A;A;B;H;A;H;H;H;H;H;A;H;H;H;A;H;H;H;H;A;B;B;A;A;A;B;B;B;B;H;B;H;A;H;H;H;H;H;H;H;H;H;A;B;H;H;A;A;A;A;A;A;A;A;A;B;A;H;A;A;A;A;A;A;A;A;A;A;B;A;A;A;A;A;A;A;A;A;B;B;A;B;A
889;;m;A;B;B;A;H;A;B;H;H;B;A;B;B;B;B;H;A;B;B;B;B;H;B;B;H;H;B;H;H;H;H;H;H;H;H;B;H;B;H;H;H;H;H;H;B;B;B;A;H;A;H;H;H;H;H;H;H;H;H;H;H;A;H;B;H;H;A;H;A;H;H;H;A;H;H;A;H;H;H;B;H;H;H;H;H;B;H;H;H;H;H;H;A;A;A;A;B;B;H;A;H;B;B;H;B;B;H;B;H;A;B;B;B;A;B;H;A;A;H;A;A;A;A;A;A;A;A;A;H;A;A;A;H;H;H;H;H;H;H;H;H;A;H;B;H;H;A;H;B;H;A;A;A;B;A;A;A;B;A;A;A;A;A;A;A;A;A;A;B
901;1.293995859;m;H;H;A;H;H;H;B;A;H;H;H;A;H;H;H;A;H;H;H;A;A;H;A;A;A;H;B;A;A;A;A;H;H;H;A;A;H;B;A;H;A;B;B;B;B;B;B;H;A;H;H;H;H;H;H;H;A;A;A;A;A;A;H;H;A;B;B;A;A;A;A;H;H;A;A;H;A;H;H;H;A;A;A;A;A;H;A;A;H;A;A;A;A;H;H;H;A;B;H;B;A;B;B;H;B;A;H;B;A;H;A;B;H;H;B;A;H;H;A;A;A;H;B;H;H;H;H;H;H;A;B;B;H;H;H;H;A;H;H;A;H;A;H;B;A;A;A;A;A;A;A;A;A;A;A;A;A;A;A;A;A;A;A;A;A;A;A;A;A
909;1.331557923;m;H;H;H;H;H;H;H;A;H;B;H;A;H;H;H;A;H;H;H;A;A;H;A;A;A;B;B;A;A;H;H;B;B;B;H;A;B;B;H;B;B;B;B;B;B;B;B;H;B;H;H;B;H;H;H;H;H;H;H;H;H;B;A;H;H;B;B;H;H;A;B;B;B;B;H;B;H;B;B;B;A;B;A;H;B;B;H;H;H;H;H;H;H;H;H;H;B;H;H;H;B;H;H;H;H;B;H;H;H;B;H;H;H;H;H;H;H;H;H;H;H;H;A;H;H;H;H;A;B;H;A;A;B;H;H;H;B;B;H;B;B;H;B;H;B;B;B;B;B;B;B;B;B;A;A;B;B;A;B;A;A;A;A;B;A;A;B;A;A
922;1.715854496;m;H;H;A;H;H;H;H;H;H;H;H;A;A;A;A;H;H;A;A;A;A;H;A;A;B;A;H;B;B;B;H;H;H;H;A;H;A;A;B;H;H;H;H;H;H;H;H;H;B;H;H;B;A;H;H;H;H;H;H;H;H;H;H;A;H;H;B;H;H;B;H;H;B;B;A;B;H;A;A;A;H;A;H;A;B;A;A;A;B;A;A;A;A;H;A;A;B;H;H;H;B;H;H;A;H;B;B;H;H;B;H;H;B;B;H;H;B;H;H;H;H;H;H;H;H;H;H;H;A;B;H;H;B;H;H;B;B;B;H;B;B;B;B;H;B;B;B;B;B;B;A;A;A;A;A;A;A;A;A;A;A;A;A;A;A;A;A;A;A
931;1.422879909;m;B;B;B;B;B;B;B;B;H;B;B;B;B;B;B;B;H;B;B;B;B;H;B;B;H;H;B;H;H;H;H;H;H;H;H;B;B;H;A;H;H;H;H;H;H;H;H;B;H;H;H;H;H;H;H;H;H;H;H;H;H;H;H;B;H;H;B;H;H;H;H;H;H;H;H;B;H;H;H;H;B;H;B;H;H;H;H;H;H;H;H;H;H;H;H;H;B;A;H;H;H;A;A;H;A;H;H;H;H;B;H;H;H;H;H;H;H;H;H;H;H;H;H;H;H;H;H;H;H;H;H;H;H;H;H;H;H;H;H;H;H;H;H;A;H;H;H;H;H;H;B;B;B;A;A;A;A;A;A;A;A;A;A;B;A;A;B;A;A
945;1.131733816;m;H;H;B;H;H;H;H;H;A;H;H;B;B;B;B;H;H;B;B;B;B;H;B;H;A;A;H;A;A;A;A;A;A;A;H;H;A;A;A;A;A;H;H;H;H;H;H;H;B;H;H;H;H;H;H;H;H;H;H;H;B;H;H;H;H;A;B;H;H;A;H;B;B;B;H;B;H;B;B;B;H;B;H;H;H;B;H;H;B;H;H;H;H;H;H;H;H;B;H;B;B;B;B;H;B;H;B;B;H;B;A;B;B;B;B;H;B;H;H;H;H;H;A;H;H;H;A;A;A;B;A;A;H;H;H;H;H;H;H;H;H;B;H;B;H;H;B;B;H;B;A;A;A;B;B;B;B;B;B;B;B;B;B;A;B;B;A;B;B
969;1.59083678;m;H;H;H;H;H;A;H;B;H;H;A;H;H;H;H;B;A;H;H;H;H;H;H;B;H;H;H;H;H;H;H;H;H;H;A;B;H;H;H;H;H;H;H;H;B;B;B;A;H;A;A;B;H;A;H;H;H;H;H;H;H;H;A;H;H;H;H;H;H;H;A;A;A;H;A;H;A;H;H;H;B;H;B;A;B;H;A;A;H;A;A;A;A;H;A;A;H;H;H;A;H;H;H;A;H;H;H;H;H;A;B;H;H;H;H;H;H;H;H;H;H;H;H;H;H;H;H;H;H;A;H;H;B;H;H;B;B;B;H;B;B;A;B;H;B;H;H;H;H;H;B;B;B;A;A;B;B;A;B;B;B;B;B;B;B;A;B;A;A
980;1.073883162;m;H;A;H;H;H;H;A;A;H;A;B;H;H;H;H;A;H;H;H;A;A;H;A;A;H;H;A;H;H;H;H;H;H;H;H;A;H;H;H;H;H;H;H;H;H;H;H;B;B;B;B;B;H;H;H;H;H;H;H;H;H;H;H;H;H;H;H;H;H;H;H;H;H;B;H;H;H;B;B;B;A;B;A;B;B;B;B;H;H;H;B;H;H;H;H;H;B;B;H;B;B;B;B;H;B;B;H;B;H;H;H;B;H;H;B;H;H;H;H;H;H;H;H;H;H;H;H;H;H;H;H;H;B;B;H;B;B;B;B;B;B;H;B;B;B;B;B;B;B;B;B;B;B;B;B;B;B;B;B;B;B;B;B;B;B;B;B;B;B
989;;m;A;A;A;A;A;A;A;A;B;A;A;A;A;A;A;A;H;A;A;A;A;A;A;A;B;H;A;B;B;B;B;B;H;H;B;A;H;H;B;H;H;H;H;H;H;A;A;A;A;A;A;A;B;A;A;A;H;A;A;A;H;H;A;A;H;H;A;H;H;B;H;H;H;A;H;A;H;A;A;A;A;A;A;H;A;A;H;B;H;B;H;B;B;A;B;B;H;H;B;H;A;A;H;B;A;H;H;H;H;A;B;H;H;H;H;H;H;H;H;H;H;H;A;H;A;A;A;A;H;H;A;A;A;H;H;A;A;A;A;A;A;H;A;H;A;A;A;A;H;A;B;B;B;A;B;B;B;A;B;B;B;B;B;A;B;B;A;B;A
1003;1.201345507;m;B;H;H;B;B;B;B;A;H;H;B;H;H;H;H;H;B;H;H;H;H;H;H;H;H;H;B;H;H;H;H;H;H;H;A;H;B;H;H;H;A;A;A;A;A;A;A;B;B;B;B;H;H;H;H;H;H;H;H;H;H;H;B;H;H;A;H;H;H;H;H;H;H;B;H;H;H;H;H;H;A;H;A;H;B;H;H;A;B;A;H;A;A;A;H;H;B;B;H;B;B;B;B;H;B;B;B;B;H;H;H;B;B;B;B;H;H;A;H;H;A;A;A;A;A;A;A;A;H;A;A;A;H;A;A;H;B;B;A;B;B;A;B;B;B;B;B;B;B;B;B;B;B;A;A;B;B;B;B;B;A;A;A;B;A;A;B;A;B
890;;m;B;B;A;B;B;B;B;A;H;B;H;B;B;H;H;A;B;A;B;A;A;A;A;A;H;H;B;H;H;H;H;H;H;H;B;A;H;H;H;H;H;H;H;H;B;B;B;H;H;H;A;B;B;A;A;A;B;A;H;H;H;H;A;B;H;H;B;B;A;H;B;B;B;H;B;B;B;B;B;B;A;B;A;B;H;B;B;B;H;B;B;B;B;B;B;B;B;A;H;A;H;H;A;B;H;B;H;H;B;B;H;H;H;H;H;B;H;B;B;B;B;B;B;B;B;B;B;B;H;H;B;B;B;B;B;B;H;B;B;H;B;H;H;A;H;H;H;H;B;H;A;A;A;A;A;A;A;A;A;A;A;A;A;A;A;A;A;A;A
902;1.389660923;m;H;H;H;H;H;H;H;H;H;H;A;A;H;H;H;H;H;H;B;H;H;H;H;H;H;H;H;H;H;H;H;H;H;H;B;H;H;H;H;H;H;H;H;H;A;A;A;A;B;H;H;A;H;H;H;B;B;B;B;B;B;B;H;H;B;H;A;B;B;H;B;H;A;B;B;A;B;H;H;H;H;H;H;B;H;H;B;B;H;B;B;B;B;H;H;H;B;H;H;B;B;H;B;H;H;B;A;H;A;A;H;H;H;A;H;A;A;A;A;A;A;A;H;H;H;H;H;H;H;A;H;H;A;A;A;A;A;A;A;H;A;A;H;H;H;H;H;B;B;B;B;B;B;A;A;B;B;A;B;B;B;B;B;B;A;A;B;A;A
910;1.526251526;m;B;B;B;B;B;B;B;H;H;B;H;B;B;B;B;H;B;B;B;B;B;H;B;B;H;H;B;H;H;H;H;H;H;H;B;H;H;H;H;A;A;A;A;H;H;H;H;H;B;H;H;B;A;H;H;H;H;H;H;H;H;A;H;B;A;A;H;H;A;H;B;B;B;B;B;H;B;B;B;B;H;B;H;B;B;B;B;B;H;B;B;H;H;A;A;A;H;A;A;H;B;A;A;A;A;H;H;A;A;H;H;A;H;H;A;A;H;A;A;A;A;A;A;A;A;A;A;A;H;H;A;A;B;B;B;B;B;B;B;B;B;H;B;A;B;B;B;B;H;B;B;B;B;B;A;B;B;B;B;B;B;B;A;B;A;A;B;A;B
923;1.335113485;m;H;H;H;H;H;H;H;H;H;H;B;H;H;H;H;H;H;H;H;H;H;H;H;H;H;B;H;H;H;B;B;H;H;H;H;H;H;H;B;H;H;H;H;H;H;H;H;B;H;B;B;A;B;H;H;H;H;H;H;H;H;H;B;H;H;H;H;B;H;H;B;B;H;H;H;H;B;H;H;H;H;H;H;H;A;H;H;H;H;H;H;H;H;B;H;H;H;H;B;H;H;H;H;B;H;H;H;H;B;H;H;H;H;H;H;B;H;B;B;B;B;B;H;B;B;B;B;B;B;H;B;H;A;A;A;A;A;A;A;A;A;H;A;H;A;A;A;H;H;H;A;A;A;A;A;A;A;A;A;A;A;A;A;A;A;A;A;A;A
932;1.164415463;m;B;H;H;B;B;H;B;H;H;H;H;H;H;H;H;H;H;H;H;H;H;H;H;H;A;H;B;A;A;A;A;H;H;H;H;H;H;H;A;H;H;H;A;A;A;A;A;H;B;H;H;H;H;H;H;H;H;H;H;H;H;H;H;H;H;H;H;H;H;A;B;B;B;B;H;H;H;A;A;A;H;H;H;H;B;A;H;H;H;H;H;H;H;H;A;A;B;B;H;B;B;B;B;H;B;B;H;B;H;H;H;B;B;H;B;H;H;H;H;H;H;H;H;H;H;H;H;H;H;A;H;H;H;H;H;H;B;H;H;B;H;A;H;B;H;B;B;B;B;B;B;B;B;A;B;B;B;A;B;B;B;B;B;B;B;B;B;A;A
946;1.427347987;m;H;A;A;H;H;B;H;B;B;A;A;A;A;A;A;B;B;A;A;A;A;A;A;A;A;B;H;A;A;A;B;B;B;B;A;H;B;B;B;B;B;B;B;H;H;H;H;A;A;A;A;H;H;A;A;A;H;A;H;H;H;H;A;A;H;B;H;H;H;A;H;H;H;A;A;H;H;A;A;A;B;A;B;A;A;A;A;A;A;A;A;A;A;H;A;A;A;H;B;A;A;H;H;A;H;A;H;H;B;H;B;H;H;H;H;H;H;H;B;H;H;H;H;H;H;H;H;H;B;H;H;H;H;H;H;H;A;A;H;A;A;H;A;H;A;A;A;A;A;A;A;A;A;B;B;B;B;B;B;B;B;B;B;A;B;B;A;B;B
970;1.326611833;m;A;B;B;A;A;A;B;H;A;B;H;B;B;B;B;H;A;B;B;B;H;H;H;H;A;H;B;A;A;A;A;H;H;H;H;H;H;H;A;H;H;H;H;H;H;H;H;H;H;H;H;H;H;H;H;B;B;B;B;B;B;B;H;B;B;H;H;H;B;A;H;H;H;H;H;H;H;A;A;A;H;H;H;H;H;H;H;H;A;H;H;H;H;H;H;H;H;H;H;H;H;H;H;H;H;H;A;H;H;H;A;H;H;A;H;H;A;H;H;H;H;H;H;H;H;H;H;H;H;A;H;H;H;H;H;H;H;H;H;H;H;A;H;H;H;H;H;H;H;H;A;A;A;A;A;A;A;A;A;A;A;A;A;A;A;A;A;A;A
981;1.482799526;m;A;A;A;A;A;A;A;B;H;A;H;A;A;A;A;B;A;A;A;A;A;A;A;A;H;H;A;H;H;H;A;H;H;H;B;H;H;H;H;H;H;H;H;H;H;B;B;H;B;H;A;H;H;A;A;A;A;A;A;A;A;A;A;A;A;H;A;A;A;H;A;A;A;B;B;A;A;B;B;B;B;B;B;B;B;B;B;B;H;B;B;B;B;B;H;H;B;H;H;H;B;H;H;H;H;B;H;H;B;A;A;H;H;H;H;B;H;B;B;B;B;B;A;B;B;B;H;H;H;H;H;A;H;H;H;H;B;B;H;B;B;H;B;H;B;B;B;B;B;B;A;A;A;B;A;A;A;B;A;A;A;A;A;A;A;A;A;B;B
990;1.424907381;m;A;H;H;A;A;A;H;A;B;H;H;H;H;H;H;A;A;H;H;H;H;H;H;H;B;H;H;B;B;B;B;H;H;H;A;H;H;H;B;H;H;H;H;B;B;B;B;H;H;H;H;H;H;H;H;H;H;H;H;H;H;B;H;H;H;H;H;H;H;B;H;H;H;H;H;H;H;H;H;H;A;H;A;H;H;H;H;H;A;H;H;H;H;H;H;H;A;A;H;H;H;A;H;H;A;A;A;A;H;H;B;A;A;A;A;H;A;H;H;H;H;H;H;H;H;H;H;H;H;A;B;H;H;H;A;H;H;H;H;H;H;A;B;H;H;H;H;H;A;H;A;A;B;B;B;B;B;B;B;B;B;B;B;A;B;B;A;B;B
1004;1.318913216;m;H;A;A;A;A;H;A;A;H;A;H;A;A;A;A;A;H;A;A;A;A;H;A;A;H;H;A;H;H;H;H;H;H;H;B;A;H;H;H;H;B;B;B;B;H;H;H;H;B;H;H;H;B;H;H;B;H;H;H;H;H;H;H;A;H;B;H;H;H;H;B;B;B;B;B;H;H;A;A;H;A;H;A;H;B;H;H;B;H;B;H;B;B;B;B;B;B;H;H;H;B;H;H;B;H;B;H;H;B;B;H;H;H;A;H;B;A;B;B;B;B;B;B;B;B;B;B;B;H;A;B;B;H;H;H;H;B;B;H;B;B;A;B;H;B;B;B;B;B;B;B;B;B;A;A;B;B;A;B;B;B;A;B;B;B;B;B;A;A
1005;1.869158879;m;A;A;B;A;A;A;A;A;A;A;B;H;H;B;B;A;A;B;H;H;H;B;H;H;H;A;A;H;H;H;A;A;A;A;A;H;A;A;H;H;H;A;A;A;A;A;A;B;A;B;B;H;A;B;B;B;B;B;B;B;B;B;B;H;B;A;A;B;B;H;A;A;A;A;A;A;H;B;B;B;A;B;A;H;H;B;H;A;A;A;H;A;A;H;A;A;H;A;A;H;A;A;A;A;A;H;A;A;H;A;A;A;A;A;A;H;A;H;H;H;H;H;B;H;H;H;B;B;H;H;B;B;H;H;H;H;H;H;H;H;H;H;H;A;H;H;H;A;H;A;B;B;B;A;A;A;A;B;A;A;A;A;A;B;A;A;B;A;B
1018;1.236399604;m;A;B;B;A;A;A;B;H;B;B;H;B;B;B;B;B;A;B;B;B;B;H;B;B;B;H;B;B;B;B;B;B;H;H;B;B;H;H;B;H;H;B;B;B;B;B;B;H;B;H;H;B;B;H;H;H;H;H;H;H;H;H;H;B;H;H;H;H;H;B;H;H;H;B;B;H;B;H;H;B;H;B;H;B;B;B;B;B;A;B;B;B;B;H;B;B;B;A;H;A;B;A;A;B;A;B;A;A;H;H;B;A;A;A;A;H;H;H;H;H;H;H;H;H;H;H;H;H;H;B;H;H;B;H;H;H;B;B;H;B;B;B;B;A;B;B;B;B;B;B;A;A;A;A;A;A;A;B;A;A;A;A;A;A;A;A;A;A;B
1034;1.211533802;m;A;H;H;A;A;A;A;A;A;H;H;H;H;H;H;A;A;H;H;H;A;A;A;A;A;A;A;A;A;A;A;A;A;A;B;A;A;A;A;A;A;H;H;H;H;H;H;H;H;H;A;H;B;A;A;A;A;A;A;A;A;A;A;H;A;H;A;A;A;A;A;A;A;H;B;A;A;B;B;B;A;B;A;B;H;B;B;B;B;B;B;B;B;A;B;B;H;B;B;H;H;B;B;B;B;H;H;B;H;A;A;B;B;H;B;H;H;A;H;A;A;A;A;A;A;A;A;A;A;H;A;A;H;B;B;H;H;H;H;H;H;H;H;B;H;H;H;H;H;H;B;B;B;B;A;A;A;B;A;A;A;A;A;B;A;A;B;A;B
1043;0.79987202;m;B;B;B;B;B;B;B;B;B;B;B;B;B;B;B;B;H;B;B;B;B;B;B;B;B;B;B;B;B;B;B;B;B;B;H;B;B;H;B;B;H;H;H;H;H;A;A;B;H;B;B;H;H;B;B;A;A;A;A;A;A;A;B;B;A;H;B;A;A;B;H;B;B;H;H;B;A;H;H;H;B;H;B;H;H;H;H;H;B;H;H;H;H;B;H;H;H;B;H;H;H;B;B;H;B;H;B;B;B;B;B;B;B;B;B;B;H;B;B;B;B;B;H;B;B;B;H;H;B;H;H;H;H;B;B;B;H;H;B;H;H;H;H;B;H;H;H;H;H;H;B;B;B;B;B;B;B;B;B;B;B;B;B;B;B;B;B;B;B
1054;1.081548778;m;A;H;B;A;A;A;A;A;A;A;H;B;B;B;B;A;A;B;H;B;B;H;H;H;B;A;A;B;B;H;H;A;A;A;H;A;A;A;H;A;A;A;A;A;A;H;H;H;B;H;H;H;A;H;H;H;B;H;H;H;H;H;H;H;H;A;B;B;H;H;B;B;B;B;H;B;B;H;H;H;A;H;A;H;B;H;H;H;B;H;H;H;H;H;A;A;B;B;A;B;B;B;B;A;B;B;B;B;H;B;H;B;B;B;B;H;B;H;H;H;H;H;H;H;H;H;H;H;A;B;H;H;H;H;A;H;B;B;H;B;B;B;B;B;B;B;B;B;B;B;B;B;B;B;B;B;B;B;B;B;B;A;-;B;B;B;B;B;B
1069;1.36425648;m;B;B;B;B;B;B;B;H;H;B;H;B;B;B;B;B;B;B;B;B;B;H;B;B;B;H;B;B;B;B;B;H;H;H;H;B;H;A;B;H;H;H;H;H;H;H;H;H;H;H;H;H;H;H;H;A;H;H;H;H;H;H;H;B;H;H;A;H;H;B;H;H;H;B;H;H;H;H;H;H;H;H;H;H;B;H;H;H;A;H;H;H;H;H;H;H;H;A;H;H;H;A;A;H;A;H;A;A;H;H;H;A;A;A;A;H;A;H;H;H;H;H;A;H;H;A;A;A;H;A;A;A;H;H;H;H;B;H;H;H;H;A;B;A;H;B;B;H;H;H;A;A;A;B;B;A;A;A;A;A;A;A;A;A;B;B;A;B;A
1085;1.420051122;m;H;A;A;H;H;H;A;A;H;A;H;A;A;A;A;A;H;A;A;A;A;A;A;A;B;H;A;B;B;H;H;H;H;H;B;A;H;H;H;H;H;A;A;A;A;H;H;H;H;H;A;H;A;A;A;A;A;A;A;A;A;A;A;A;A;A;H;A;A;H;A;A;A;H;H;H;A;B;B;H;A;H;A;H;H;H;H;H;H;H;H;H;H;H;H;H;H;H;H;H;H;H;H;H;H;H;H;H;H;A;H;H;H;H;H;H;H;H;H;H;H;H;H;H;H;A;A;A;H;H;A;H;H;A;A;H;H;H;A;H;H;H;H;H;H;H;B;H;H;H;B;B;B;A;A;B;B;A;B;B;B;A;-;B;A;A;B;A;B
1095;1.679543164;m;A;A;A;A;A;A;A;B;A;A;A;H;H;H;H;B;A;B;B;H;B;H;B;B;A;H;A;A;A;A;-;A;H;H;A;H;A;-;A;H;H;B;B;B;B;B;B;A;H;A;H;H;H;H;H;H;B;H;B;B;H;B;H;-;B;H;B;B;B;A;B;B;B;H;A;B;H;H;H;H;B;A;B;A;H;H;A;A;H;A;A;A;A;H;A;H;B;H;B;H;H;H;H;H;H;H;H;H;H;B;A;H;H;H;H;H;H;A;H;H;H;H;H;H;H;H;B;H;H;H;A;H;H;H;B;H;B;H;H;H;H;H;B;H;H;B;B;H;H;H;B;B;B;-;A;-;A;B;A;A;A;A;A;B;A;A;B;-;B
1106;1.388503194;m;A;A;A;A;A;A;A;B;H;A;A;A;A;A;A;H;A;A;A;-;H;A;H;H;H;H;A;H;H;A;H;H;H;H;H;H;H;H;H;H;H;H;H;-;H;A;A;A;B;A;A;H;B;A;A;B;B;B;B;B;B;B;A;A;B;H;H;B;B;H;B;B;B;B;H;H;B;H;H;H;H;H;H;H;B;H;H;H;H;H;A;H;H;B;B;B;B;H;H;H;B;H;H;H;B;B;H;H;B;H;H;H;H;H;H;H;H;B;B;B;B;B;H;B;B;B;H;H;H;H;H;H;H;H;H;H;B;H;H;H;H;H;H;H;H;B;B;B;H;B;B;B;B;A;A;B;B;A;B;B;B;B;B;B;A;A;B;A;A
1114;1.296344309;m;H;H;A;H;H;H;A;B;B;H;B;H;H;H;H;H;H;H;H;B;H;B;H;H;A;B;H;A;A;H;H;B;B;B;A;H;B;B;H;B;B;B;B;H;H;H;H;B;A;B;B;A;A;B;B;B;H;H;H;H;H;A;B;H;H;B;H;H;H;H;B;B;B;A;A;H;H;H;H;H;B;H;B;A;A;H;A;A;H;A;A;A;A;B;A;A;H;H;B;H;A;H;H;A;H;H;B;H;H;H;H;H;H;B;H;H;B;H;H;H;H;B;H;B;B;B;B;B;B;B;H;H;A;H;H;A;A;A;H;A;A;B;A;H;A;A;-;H;A;A;B;B;B;B;B;B;B;B;B;B;B;A;B;B;B;B;B;B;B
1127;1.555693839;m;H;H;H;H;B;H;B;H;A;H;A;A;H;A;H;A;H;H;-;A;A;A;A;A;H;A;H;H;H;-;H;A;A;A;-;A;-;A;A;A;A;A;A;A;A;A;A;A;A;A;A;H;H;A;A;H;B;A;H;H;B;A;A;A;B;A;B;H;H;H;H;H;B;A;H;B;A;B;B;B;H;B;H;H;H;-;H;H;H;H;A;H;H;B;H;H;A;H;H;H;A;H;H;A;H;A;A;H;B;B;A;H;H;A;H;B;A;H;B;B;B;B;H;B;B;B;B;B;A;A;B;-;H;H;B;H;-;H;H;H;H;A;B;H;H;H;A;H;A;-;B;B;A;B;A;A;-;B;A;A;A;A;A;B;A;-;B;-;B
1142;1.360914535;m;H;H;H;H;H;H;H;H;H;H;A;B;H;H;H;A;H;H;H;H;H;A;H;A;B;H;H;B;B;B;B;H;H;H;B;A;H;H;B;H;H;H;H;H;H;H;H;A;H;A;A;H;H;A;A;A;A;A;A;A;A;A;A;H;A;H;H;A;A;B;A;A;A;H;H;H;A;B;B;B;A;B;A;B;H;B;B;H;H;H;B;H;H;A;H;H;H;H;H;B;H;H;H;H;H;H;H;H;H;B;B;H;H;H;H;B;H;A;H;A;A;A;A;A;A;A;A;A;H;H;A;A;H;B;B;H;H;H;B;H;H;H;H;H;H;H;H;B;H;H;A;A;A;A;A;A;A;A;A;A;A;A;A;A;A;A;A;A;A
1006;1.497454328;m;A;H;H;A;A;A;H;B;H;H;H;H;H;H;H;B;A;H;H;H;H;B;H;B;A;H;H;A;A;A;H;H;H;H;H;B;H;H;A;H;H;H;H;H;H;H;A;H;H;H;H;A;H;B;B;B;H;B;B;B;H;H;H;A;H;H;H;H;H;A;H;H;H;H;H;H;H;A;A;A;B;H;B;H;H;H;H;H;B;H;H;H;H;H;H;H;H;A;A;A;H;A;A;H;A;H;B;A;H;H;H;A;B;B;A;H;B;H;H;H;H;H;H;H;H;H;H;H;H;B;H;A;A;A;A;A;H;A;A;H;A;B;A;A;H;H;H;H;A;H;B;B;B;A;A;B;B;A;B;B;B;A;A;B;A;A;B;A;A
1020;1.375894331;m;H;H;H;H;H;H;H;H;H;H;A;H;H;H;H;A;H;H;H;H;H;H;H;H;H;H;H;H;H;H;H;H;H;H;B;H;H;H;H;H;H;H;H;H;H;A;A;A;H;A;H;B;H;H;H;H;H;H;H;H;H;H;H;A;H;H;H;B;H;H;B;B;H;H;B;H;B;H;H;H;A;H;A;B;B;H;B;B;A;B;H;B;H;H;H;H;H;H;H;B;H;H;H;H;B;H;H;H;B;H;H;H;A;H;H;B;H;H;B;B;H;H;H;H;H;H;H;H;H;H;H;H;B;B;B;B;B;B;B;B;B;H;B;H;B;B;B;H;A;H;B;B;B;A;B;B;B;A;B;B;B;B;B;B;B;B;B;B;A
1035;1.727712509;m;B;H;H;B;B;B;H;A;H;H;A;H;H;H;H;A;B;H;H;H;A;A;A;A;B;H;H;B;B;B;H;H;H;H;A;A;H;H;B;H;H;H;H;H;H;H;H;A;H;A;A;H;A;A;A;H;H;H;H;H;H;H;A;H;H;H;B;H;H;B;H;H;H;H;A;B;H;A;A;A;A;A;A;A;H;A;A;A;A;A;A;A;A;B;A;A;H;H;A;H;H;A;H;A;H;H;A;A;H;B;H;A;A;A;A;B;A;B;H;H;B;B;B;B;B;B;B;B;H;A;B;B;H;B;B;H;H;H;B;H;H;A;H;H;H;H;H;H;A;H;B;B;B;A;A;B;A;A;A;A;A;A;A;B;A;A;B;A;B
1044;1.388888889;m;B;B;A;B;B;B;B;H;H;B;H;A;A;A;A;H;B;A;A;A;A;B;A;A;H;H;B;H;H;H;H;H;H;H;H;A;H;H;H;H;H;H;H;H;H;A;A;H;A;H;B;H;H;B;B;B;B;B;B;B;B;B;B;A;B;H;B;B;B;H;B;B;B;A;H;B;B;H;H;A;H;H;H;H;A;H;H;H;A;H;H;H;H;H;H;H;A;H;H;H;A;H;H;H;B;A;A;H;B;B;H;H;A;A;H;B;A;H;B;B;B;H;H;H;H;H;H;H;H;A;H;A;H;B;B;H;A;H;H;H;H;A;H;H;H;A;A;A;A;A;B;B;B;A;A;A;A;A;A;A;A;A;A;B;A;A;B;A;A
1055;1.276161307;m;A;A;A;A;A;A;A;B;A;A;A;A;A;A;A;B;A;A;A;A;H;A;H;H;A;A;A;A;A;A;A;A;A;A;A;H;A;A;A;A;A;A;A;A;A;A;A;A;A;A;A;H;A;A;A;H;B;B;B;B;B;B;A;A;B;A;H;B;B;A;B;H;H;A;A;H;B;B;B;H;B;H;B;A;H;H;A;A;H;A;H;A;A;H;A;A;A;B;H;B;A;B;B;A;B;A;H;B;H;H;A;B;B;H;B;H;H;H;H;H;H;H;H;H;H;H;H;H;A;H;H;H;B;B;B;B;H;H;B;H;H;H;H;B;H;A;A;A;A;A;A;A;A;B;B;A;A;B;A;B;B;B;B;A;B;B;A;B;B
1070;1.036914144;m;H;A;A;A;A;H;A;H;H;A;B;-;A;A;A;H;B;A;A;A;A;B;A;A;B;H;A;B;B;B;H;H;H;H;-;A;H;B;B;H;H;H;H;B;H;A;A;B;H;B;B;H;B;B;B;B;B;B;H;B;B;B;B;H;B;H;H;B;B;B;B;H;H;H;H;H;B;H;H;B;H;H;H;H;H;B;H;H;B;H;H;H;H;H;H;H;A;H;B;H;H;B;H;A;B;H;B;B;H;H;H;B;B;B;B;H;B;H;H;H;H;H;B;H;H;B;B;B;A;B;B;-;H;H;H;H;H;H;H;H;H;B;H;A;H;H;H;H;A;H;B;B;B;B;B;B;B;B;B;B;B;B;B;A;B;B;A;B;B
1086;1.357588922;m;B;A;A;B;B;B;A;H;A;A;H;A;A;A;A;H;B;A;A;A;A;B;A;A;A;H;A;A;A;A;A;A;H;H;B;H;A;-;A;H;A;H;H;H;H;H;H;H;A;H;H;B;B;B;B;B;B;B;B;B;B;B;H;A;B;H;H;B;B;A;B;H;H;A;H;H;B;A;A;A;H;A;H;H;A;A;H;B;H;B;H;B;B;B;B;B;A;H;B;B;A;H;H;B;B;A;B;H;B;-;A;H;H;B;H;B;B;B;B;B;B;B;B;B;B;B;B;B;H;B;B;B;B;B;B;B;A;A;B;A;A;B;A;H;A;A;A;H;A;-;A;A;A;A;A;-;A;A;A;A;A;A;A;A;A;A;A;A;B
1096;1.44092219;m;H;H;A;H;H;H;H;A;H;H;A;-;A;A;A;A;H;A;A;A;A;A;A;A;H;H;H;H;H;H;H;H;H;H;-;A;A;A;H;H;B;B;B;B;B;B;B;H;H;A;A;H;B;A;A;A;A;A;A;A;H;H;A;A;H;B;A;H;B;H;H;A;A;A;H;A;H;B;B;B;A;B;A;H;H;B;H;H;H;H;H;H;H;A;H;H;A;H;B;B;H;H;H;H;H;A;H;H;A;-;H;H;H;B;H;A;B;A;A;A;A;A;A;A;A;A;A;A;H;H;A;A;H;H;H;H;-;H;H;H;H;H;H;H;H;H;B;B;A;A;A;A;A;B;B;A;-;B;A;A;A;A;B;A;B;B;A;-;B
1107;1.013581999;m;A;H;H;A;A;H;A;B;H;H;B;-;B;H;H;H;H;H;B;H;H;B;H;H;H;H;A;H;H;H;B;H;H;H;B;H;B;-;H;H;H;H;H;-;H;A;H;B;H;B;B;H;B;B;B;-;B;B;B;B;H;B;B;H;B;H;B;B;B;A;B;B;B;B;H;B;B;B;B;H;B;H;H;H;H;H;H;H;B;H;-;-;B;B;H;H;H;B;B;B;H;B;B;A;B;H;B;B;A;B;H;B;B;B;B;A;H;A;A;H;H;H;B;H;H;B;B;B;H;H;B;B;A;A;B;A;H;H;A;H;H;H;H;B;H;H;B;H;H;B;B;B;B;-;B;B;B;B;B;B;B;-;B;B;B;B;B;B;-
1115;0.964506173;m;B;B;B;B;B;H;B;B;B;B;B;-;B;B;B;B;A;B;B;B;B;B;B;B;H;B;B;H;H;B;B;B;B;B;H;B;B;B;B;B;B;H;H;H;H;H;A;B;H;B;B;H;A;B;B;B;B;B;B;B;B;B;B;B;B;B;B;B;-;H;B;B;B;H;H;B;B;A;A;A;B;H;B;H;H;H;H;H;B;H;H;H;H;B;H;H;H;H;A;H;H;B;H;A;B;H;B;B;H;B;B;B;B;B;B;H;B;B;H;B;B;B;H;B;B;H;H;H;B;H;H;B;H;H;H;H;H;H;A;H;H;H;H;H;H;H;H;B;H;H;A;A;A;-;B;B;-;A;B;B;B;B;B;A;B;B;A;B;A
1128;1.390433815;m;H;B;H;H;B;A;B;H;B;H;H;-;B;B;B;H;A;-;-;B;B;H;B;B;H;A;B;H;H;B;A;B;B;B;H;B;B;B;H;H;H;H;H;-;H;B;A;B;H;H;H;A;A;H;H;H;A;H;H;H;H;B;A;B;H;H;H;H;B;H;H;H;H;-;H;H;H;A;A;A;H;H;H;H;H;A;A;A;A;H;B;H;H;H;H;A;H;A;A;A;B;A;A;A;H;H;A;A;B;A;B;A;A;H;A;B;H;A;B;H;H;-;A;H;A;H;A;H;H;B;A;A;A;A;-;H;H;A;A;H;A;H;-;A;H;H;B;B;H;H;A;A;A;-;B;-;-;A;A;A;B;-;-;A;B;-;A;-;A
1145;1.265822785;m;H;H;H;H;A;H;H;B;A;H;A;H;H;H;H;B;H;H;H;H;H;A;H;H;H;H;H;H;H;H;A;A;A;A;H;B;H;H;A;H;H;A;A;A;A;A;A;A;A;A;A;A;H;A;A;A;B;H;H;H;B;B;A;H;B;H;B;B;B;H;B;B;B;A;H;B;B;H;H;H;B;H;B;H;A;H;H;H;B;H;H;B;B;A;H;H;B;H;H;H;A;H;H;H;H;H;B;H;A;B;A;H;B;H;H;A;H;A;A;A;A;A;A;A;A;A;A;A;H;H;A;A;H;B;B;H;A;A;H;A;A;H;A;H;A;A;A;A;H;A;A;A;A;B;B;A;A;B;A;A;A;B;B;A;B;B;A;B;B
1008;1.355748373;m;H;A;A;H;H;H;A;A;H;A;B;A;A;A;A;A;H;A;A;A;A;B;A;A;A;H;A;A;A;A;H;H;H;H;H;A;H;A;H;A;A;H;H;H;H;H;H;B;H;B;B;A;B;B;B;B;B;B;B;B;B;B;B;A;B;A;H;B;B;A;B;H;H;H;H;H;B;H;H;H;A;H;A;H;H;H;H;H;A;H;H;H;H;B;B;B;H;B;H;H;H;B;B;B;B;H;A;H;B;B;H;H;A;A;H;B;A;B;B;B;B;B;A;B;B;B;B;B;H;A;A;A;A;A;A;A;H;A;A;H;A;A;A;B;A;H;H;H;H;H;B;B;B;B;A;B;B;B;B;B;A;A;A;B;A;A;B;A;B
1024;1.272588445;m;B;B;B;B;B;B;B;B;H;B;B;H;B;B;B;B;B;B;B;B;B;H;B;B;B;H;B;B;B;B;H;H;H;H;H;B;H;H;H;H;H;H;H;H;H;H;H;B;H;B;B;A;A;H;H;H;H;H;H;H;H;H;B;B;B;H;H;H;H;B;H;H;H;H;H;H;H;A;A;H;B;H;B;H;H;H;H;H;H;H;H;H;H;A;H;H;H;H;A;H;H;H;H;H;H;H;B;H;A;H;H;H;H;B;H;A;B;A;A;A;A;A;H;A;A;A;A;A;H;B;H;H;A;A;A;A;H;A;A;H;A;B;A;H;A;H;H;H;H;H;B;B;B;A;B;B;B;A;B;B;B;B;B;B;B;B;B;B;A
1037;1.183992422;m;H;A;A;H;H;H;A;B;A;A;B;A;A;A;A;H;B;A;A;A;A;B;A;A;H;A;A;H;H;H;H;A;A;A;B;H;A;A;H;A;H;H;B;B;B;B;B;H;A;B;B;A;B;B;B;B;B;B;B;B;B;B;B;A;B;H;H;H;B;H;H;H;H;A;B;H;H;A;A;A;B;H;B;H;A;A;H;B;H;B;H;B;B;B;B;B;A;B;H;B;A;B;B;B;B;A;H;H;H;H;H;H;H;H;H;H;H;H;H;H;H;H;H;B;B;B;B;B;A;H;H;H;A;A;A;A;A;A;A;A;A;H;A;B;A;A;A;A;A;A;B;B;B;B;A;B;B;B;B;B;B;A;A;B;A;A;B;A;B
1046;1.07712193;m;H;H;H;H;H;A;H;H;H;H;A;H;H;H;H;H;H;H;H;H;H;A;H;H;H;A;H;H;H;H;H;H;H;H;H;H;A;A;H;A;A;A;A;H;H;H;H;A;H;A;A;B;H;A;A;A;H;A;A;A;A;H;A;H;H;A;H;H;H;H;H;H;H;H;H;H;H;H;H;A;H;A;H;H;H;A;H;H;B;H;H;H;H;H;H;H;H;B;H;H;H;B;B;H;B;H;B;B;H;H;H;B;B;H;B;H;H;H;H;H;H;H;H;H;H;A;H;H;A;H;H;H;B;B;B;B;H;B;B;H;B;H;B;B;B;H;H;H;H;H;B;B;B;B;B;B;B;A;B;B;B;B;B;B;B;B;B;B;A
1058;1.229105211;m;B;H;H;H;H;H;H;H;B;H;H;H;H;H;H;H;H;H;H;A;H;H;H;H;B;A;H;B;B;B;B;A;A;A;B;H;A;A;B;A;A;A;A;A;A;A;A;H;B;H;H;A;H;H;H;H;H;H;H;H;H;H;H;A;H;A;H;H;H;B;H;H;H;B;B;H;H;B;B;B;H;B;H;B;H;B;B;B;H;B;B;B;B;H;B;B;B;H;H;H;B;H;B;H;H;B;H;H;H;A;B;H;H;H;H;H;H;H;H;H;H;H;H;H;H;H;H;H;A;H;H;H;A;A;A;A;H;H;A;H;H;H;H;B;H;B;B;B;B;B;A;A;A;B;A;A;A;B;A;A;A;A;A;A;A;A;A;B;B
1078;0.943218261;m;A;H;H;A;-;A;H;H;H;H;H;-;H;-;H;A;A;H;B;-;A;B;A;A;H;H;H;H;H;H;H;H;H;H;B;A;B;-;H;H;A;A;A;A;H;H;A;H;H;H;B;H;B;B;B;B;B;B;B;B;B;B;B;B;B;A;A;H;B;A;A;A;A;H;B;A;B;A;H;B;A;B;A;B;H;B;B;B;H;B;B;B;B;H;B;B;B;H;-;H;H;B;H;B;B;H;H;B;H;A;H;B;H;H;B;B;H;H;H;H;H;H;B;H;H;H;H;H;B;H;A;B;H;H;-;A;A;H;A;H;H;H;H;H;H;H;A;H;H;H;A;A;A;-;A;A;A;B;A;A;A;A;A;B;A;-;B;A;-
1088;1.397819402;m;B;B;B;B;B;B;B;B;H;B;A;-;B;B;B;B;B;B;B;B;B;A;B;B;B;H;B;B;B;B;H;H;H;H;H;B;A;H;B;H;H;B;B;-;B;B;B;H;H;A;A;B;H;A;A;A;H;A;A;A;H;B;A;B;B;B;H;H;A;H;H;H;H;A;H;H;H;H;H;H;B;H;B;H;H;H;A;A;A;H;H;H;H;H;B;H;H;A;A;A;H;A;A;H;A;H;H;A;H;H;H;A;A;H;A;H;H;H;H;H;H;H;A;H;H;A;H;A;H;H;A;A;B;B;B;B;-;B;B;H;B;H;B;A;H;H;A;H;H;B;A;A;A;B;A;A;A;B;A;A;A;A;A;A;A;A;A;A;B
1097;1.153402537;m;H;H;H;H;B;H;B;B;H;H;H;-;H;A;H;B;H;H;A;B;H;H;H;H;H;A;H;H;H;H;H;A;A;A;A;B;A;A;H;A;A;A;A;A;A;A;A;A;A;H;H;A;B;H;H;-;-;H;H;H;A;H;H;H;B;A;B;H;H;A;H;H;B;H;H;B;A;A;H;H;B;H;H;H;A;H;B;H;B;H;H;H;H;A;B;B;H;H;H;H;H;B;H;B;B;H;B;B;A;B;H;B;B;B;B;A;B;A;A;A;A;A;H;A;A;A;A;A;A;B;H;H;A;A;A;H;A;A;A;A;A;B;A;B;A;A;A;H;H;B;B;B;B;B;A;A;A;B;A;A;A;A;A;B;A;A;B;A;B
1108;1.192179304;m;H;H;H;H;H;H;H;H;B;H;H;H;H;A;H;H;B;H;H;H;A;H;A;A;H;B;H;H;H;A;B;B;B;B;A;H;B;B;H;B;B;B;B;B;B;B;B;H;B;H;H;H;B;H;H;H;B;B;B;B;B;H;H;B;H;B;B;H;H;H;H;B;B;B;H;B;A;H;H;H;H;H;H;H;B;H;H;H;H;H;H;H;H;B;H;H;B;H;B;H;B;H;H;B;H;B;H;H;B;B;B;H;H;H;H;B;H;B;B;B;B;B;B;B;B;B;B;B;B;H;B;B;H;H;H;H;B;H;H;B;H;H;B;H;B;B;B;B;B;B;B;B;B;B;A;B;-;B;B;B;B;B;A;B;A;A;B;A;-
1116;1.002405774;m;A;H;H;A;A;A;A;A;H;A;A;A;H;-;H;A;A;B;A;H;A;H;A;A;H;B;A;H;H;H;H;H;B;B;B;A;B;B;H;H;H;H;H;A;H;H;H;A;B;A;A;H;H;A;A;A;H;H;H;H;H;H;A;H;B;H;B;H;H;H;H;H;H;B;H;H;H;A;A;A;A;A;A;A;H;A;A;H;H;H;A;B;A;B;H;H;B;B;H;B;B;B;B;H;B;B;H;B;B;A;H;B;H;H;B;B;H;B;B;B;B;B;H;B;B;B;B;B;B;H;B;B;H;H;H;H;B;H;H;H;H;H;H;B;H;B;H;B;B;B;B;B;B;B;B;B;B;A;B;B;B;-;A;B;B;B;B;B;A
1130;1.505117399;m;B;B;H;B;B;H;B;H;A;B;H;B;B;B;B;H;H;B;B;B;B;H;H;B;H;A;B;A;A;A;A;A;A;A;H;B;A;-;A;A;A;A;H;B;H;H;H;H;A;H;H;H;A;H;H;A;H;H;H;B;H;B;A;B;B;A;H;H;B;A;H;H;H;A;H;H;H;A;A;A;H;H;H;H;H;A;H;H;H;H;A;B;H;H;H;H;A;A;A;A;A;A;A;H;H;A;H;A;H;-;A;H;H;H;A;H;A;H;H;H;H;B;A;H;H;H;H;H;A;H;A;H;H;H;-;H;B;H;H;H;H;H;-;A;H;H;A;H;A;A;A;A;A;-;A;A;-;A;A;A;A;-;A;A;A;A;A;A;A
1146;1.078283373;m;A;H;H;A;A;A;A;A;H;H;B;H;H;H;H;A;A;H;H;H;A;B;A;A;B;A;H;B;B;H;H;H;A;A;A;A;A;A;H;A;A;H;H;B;B;B;B;B;H;B;B;H;H;B;B;H;H;H;H;H;H;H;B;H;H;A;H;H;H;B;B;H;H;B;A;H;H;H;H;A;A;A;A;A;H;A;A;A;A;A;A;A;A;B;A;A;H;A;H;A;H;A;A;A;A;B;H;A;H;H;H;A;A;H;A;H;H;B;H;B;B;B;H;B;B;H;H;H;A;H;H;H;H;H;H;H;H;H;H;H;H;H;H;A;H;H;H;H;B;H;A;A;A;B;B;A;B;B;B;B;B;A;B;A;B;B;A;B;B
1009;1.018744906;m;H;H;H;H;H;B;H;B;H;H;A;H;H;B;H;B;B;H;H;H;H;A;H;H;A;B;H;A;H;H;H;B;B;B;A;H;B;B;H;B;B;A;A;A;A;A;A;A;H;A;A;H;H;A;A;H;H;H;H;H;H;H;A;H;H;A;B;H;H;H;H;H;H;H;A;B;H;H;H;A;B;A;B;A;H;A;A;A;B;A;A;A;A;B;A;H;H;B;H;B;H;B;B;H;B;H;B;B;H;H;H;B;B;B;B;B;B;B;H;B;B;B;B;B;B;B;B;B;B;B;B;B;H;H;H;H;H;H;H;H;H;B;H;B;H;H;H;H;H;H;B;B;B;A;A;A;A;A;A;A;A;A;A;B;A;A;B;A;A
1025;1.391594768;m;B;B;B;B;B;H;B;A;H;B;H;B;B;B;B;A;H;B;B;H;H;H;H;A;H;H;B;H;H;H;H;H;H;H;H;A;H;H;H;H;B;H;H;H;H;H;H;H;H;H;H;H;B;H;H;H;H;H;H;H;H;H;H;B;H;H;H;H;H;H;H;H;H;H;H;B;H;H;H;H;A;H;A;H;H;H;H;H;A;H;H;H;H;H;H;B;H;H;B;H;H;H;H;B;H;H;A;H;A;B;H;H;H;A;H;A;A;H;A;H;H;H;H;H;H;H;H;H;H;A;H;H;H;A;A;A;H;H;A;H;H;A;H;H;H;H;H;H;H;H;A;A;A;B;A;A;A;B;A;A;A;A;A;A;A;A;A;A;B
1038;1.069061364;m;B;H;H;B;H;B;H;H;H;H;A;H;H;H;H;A;B;H;H;H;H;A;H;H;H;H;H;H;H;H;H;H;H;H;H;H;H;H;H;H;H;H;H;H;H;H;H;A;A;A;A;A;H;A;A;H;H;H;H;H;H;H;A;H;H;H;A;H;H;H;H;A;A;A;H;A;H;A;A;A;A;A;A;A;A;A;H;H;B;H;A;H;H;B;H;H;A;B;H;H;A;B;H;H;B;A;B;B;H;A;H;B;B;B;B;B;B;B;H;B;B;B;H;B;B;B;H;H;H;B;H;H;A;A;A;A;A;A;A;A;A;B;A;B;A;A;A;A;A;A;A;A;A;B;B;A;A;A;B;B;B;B;B;A;B;B;A;B;A
1047;1.117818019;m;B;H;H;H;H;B;H;B;H;H;A;B;H;B;H;B;B;-;H;H;A;H;H;B;H;A;H;H;H;A;A;H;H;H;B;B;H;H;A;H;H;H;H;B;A;H;H;A;H;A;H;B;H;H;H;-;A;A;B;B;B;B;H;-;B;H;B;H;B;A;H;H;H;B;H;H;A;H;H;H;B;H;B;H;H;B;A;H;B;H;B;B;H;H;A;H;-;H;H;B;H;B;B;A;B;H;B;B;A;A;A;B;B;B;B;A;B;A;A;A;A;A;H;H;A;H;H;H;A;A;H;H;H;H;A;B;-;H;H;H;B;A;B;B;H;H;H;B;H;H;B;B;B;B;A;B;B;B;B;B;B;B;A;B;A;A;B;B;B
1060;1.41723356;m;H;A;A;H;H;H;H;A;A;A;A;A;A;A;A;A;H;A;A;A;A;A;A;A;H;H;H;H;A;A;A;H;H;H;B;A;H;H;A;H;H;H;H;H;H;B;B;H;A;A;A;B;H;A;A;A;A;A;A;A;A;A;A;A;H;H;B;A;A;A;A;A;H;A;B;B;A;A;H;H;A;H;A;B;H;H;H;B;H;B;B;B;B;H;H;H;A;H;H;H;A;H;H;H;H;A;B;H;H;H;A;H;H;H;H;H;H;H;H;H;H;H;H;H;H;H;H;H;H;H;H;H;B;B;B;B;B;B;B;H;B;H;H;H;H;A;A;A;A;A;B;B;B;A;A;B;B;A;B;A;A;A;A;B;A;A;B;A;A
1079;0.9948269;m;B;B;B;B;B;B;B;B;B;B;A;B;B;B;B;B;H;B;B;B;B;H;B;B;A;B;B;A;A;A;H;B;B;B;H;B;B;B;A;B;B;B;B;B;B;B;B;A;B;A;H;B;H;H;H;H;A;H;H;H;A;H;H;B;B;B;A;H;H;A;H;H;H;B;H;A;H;H;B;B;B;B;B;H;B;B;H;H;H;H;H;H;H;H;B;B;H;H;H;B;B;H;H;B;H;H;H;H;B;H;B;H;H;H;H;B;H;B;B;B;B;B;H;H;H;H;H;H;B;B;H;H;B;B;B;B;B;B;B;B;B;B;B;H;B;B;B;B;H;B;B;B;B;B;B;B;B;B;B;B;B;B;B;B;B;B;B;B;B
1089;1.450116009;m;H;H;H;H;B;B;H;H;A;H;B;H;H;H;H;B;B;H;-;-;H;H;H;H;B;H;H;B;B;B;A;A;A;A;H;H;A;-;H;H;H;H;H;-;H;H;A;B;A;B;H;H;H;H;H;H;H;A;H;H;H;H;H;-;B;H;H;H;A;H;H;H;H;A;H;H;H;A;H;H;H;H;H;H;A;A;H;H;A;H;H;H;H;B;H;H;A;H;H;H;A;A;H;B;A;A;A;A;B;H;A;A;A;A;A;B;A;B;B;B;B;B;B;B;B;B;B;B;H;A;B;B;H;H;H;H;A;H;H;A;H;A;H;H;A;A;A;H;A;A;B;B;B;A;B;B;-;A;B;B;B;-;B;B;B;B;B;B;A
1099;1.059771089;m;H;B;B;H;B;H;B;A;B;B;H;-;B;B;B;B;H;B;B;B;B;A;B;B;A;B;B;A;A;B;B;B;B;B;-;B;B;B;B;B;B;B;B;B;H;H;B;H;H;H;H;H;H;H;A;A;A;A;A;A;A;A;H;-;A;B;H;A;A;H;A;A;A;H;H;H;A;A;H;H;H;H;H;H;H;H;H;H;H;H;H;B;A;A;H;H;B;H;B;H;H;H;H;H;H;H;H;H;H;A;B;H;H;H;H;H;B;H;H;H;H;A;H;A;A;A;A;A;B;B;H;H;H;H;A;H;H;H;B;H;H;B;H;H;H;H;H;H;H;H;A;A;A;A;A;A;A;B;A;A;A;A;A;A;A;A;A;A;B
1109;1.352447931;m;H;H;H;H;H;H;H;B;A;H;B;A;H;H;H;B;H;H;H;B;B;B;B;B;A;A;H;A;A;H;A;A;A;A;B;B;A;A;A;A;A;A;A;H;H;H;B;B;B;B;B;B;A;B;B;B;H;H;H;H;H;H;B;A;H;A;A;H;H;A;H;H;H;B;B;A;H;B;B;B;B;B;B;B;B;B;B;B;H;B;B;B;B;H;B;A;B;B;A;B;B;H;B;A;H;B;H;H;H;A;A;H;H;H;H;H;H;H;H;H;H;H;B;H;H;H;H;H;A;H;H;B;B;H;A;B;B;B;B;B;B;A;B;B;B;B;B;B;B;B;A;A;A;B;B;-;A;B;A;A;A;A;A;A;B;B;A;B;A
1118;1.427347987;m;B;B;B;B;B;B;B;H;H;B;H;B;B;B;B;H;H;B;B;B;B;A;B;H;A;H;B;A;A;A;A;H;H;H;H;H;B;H;A;H;H;H;H;H;H;B;B;B;B;H;H;B;A;H;H;A;A;A;A;A;A;A;A;B;A;H;H;A;A;A;A;A;H;B;H;H;A;H;H;H;H;H;H;H;B;H;H;H;H;H;H;H;A;H;A;A;B;H;A;B;B;H;B;A;H;B;H;H;B;H;A;H;H;H;H;H;H;H;B;H;H;H;A;H;H;H;A;A;H;H;A;A;B;H;H;H;B;B;H;B;B;A;B;B;B;B;B;B;B;B;B;B;B;A;B;B;B;A;B;B;B;B;B;B;B;B;B;A;A
1134;1.205109665;m;H;H;H;H;-;H;H;H;A;H;A;B;B;B;B;H;H;B;B;-;B;A;B;B;B;A;H;B;H;A;A;A;A;A;A;B;A;A;H;A;A;A;A;-;B;B;-;A;B;A;A;H;H;A;A;-;-;A;A;A;A;A;A;H;H;A;H;A;A;H;A;H;H;-;H;H;A;H;B;B;H;B;A;B;B;B;B;B;B;H;B;H;H;H;H;H;-;B;H;H;B;B;B;-;B;B;B;B;H;-;H;B;B;H;B;H;-;-;H;H;H;H;A;H;H;H;H;H;A;A;A;B;H;H;B;B;-;H;H;H;H;A;-;B;H;B;-;B;B;B;B;-;B;-;B;-;-;A;B;B;B;-;B;B;B;-;-;-;A
1147;1.503759398;m;H;H;B;H;H;H;H;A;A;H;B;H;B;B;B;B;H;B;H;B;B;B;B;B;H;A;H;H;H;H;A;A;A;A;A;B;A;A;H;A;H;B;B;B;B;B;B;B;B;B;B;H;H;B;B;B;H;B;B;B;H;H;B;H;H;H;H;H;H;H;H;H;H;B;A;H;H;A;A;A;H;A;H;A;B;A;A;A;H;A;A;A;A;B;A;A;B;H;H;H;B;H;H;A;H;B;H;H;A;H;A;H;H;H;H;A;H;H;A;A;H;H;B;H;B;B;B;B;A;H;B;B;H;H;H;H;B;B;H;B;B;H;B;H;B;B;B;B;B;B;B;A;A;A;A;A;A;B;A;A;A;A;A;B;A;A;B;A;B
1012;1.017293998;m;H;B;B;H;H;H;B;B;H;B;H;B;B;B;B;B;H;B;B;B;B;H;B;B;H;H;B;H;H;B;H;H;H;H;H;B;H;H;B;H;H;H;H;H;H;H;H;H;B;H;H;B;A;H;H;H;H;H;H;H;H;H;H;B;H;H;H;H;H;B;H;H;H;B;H;H;H;H;H;H;B;H;B;H;B;H;H;H;B;H;H;A;A;A;A;A;B;H;H;A;B;B;H;A;B;B;B;B;A;H;H;B;B;B;B;A;B;A;A;A;A;A;A;A;A;A;A;A;H;H;A;A;B;B;B;B;B;B;B;B;B;H;B;H;B;B;B;B;B;B;A;A;A;B;B;A;A;B;A;A;A;B;B;A;B;B;A;B;B
1026;1.520681265;m;H;B;H;B;B;H;B;H;B;B;B;A;A;A;A;H;H;A;A;H;H;B;H;H;H;B;B;H;H;H;B;B;B;B;A;H;B;B;H;B;B;B;B;B;B;B;B;B;H;B;B;H;B;B;B;B;H;H;A;A;H;H;B;H;H;B;H;H;H;H;H;H;H;H;A;H;H;A;A;A;H;A;H;A;H;A;A;A;A;A;A;A;A;H;H;B;H;A;B;B;H;A;H;B;A;H;A;A;B;H;B;A;A;A;A;B;A;B;B;B;B;H;A;H;H;H;H;H;B;A;A;A;H;H;H;H;H;H;H;H;H;A;H;H;H;H;H;H;H;H;B;B;A;B;A;A;A;B;A;A;A;A;A;B;A;A;B;A;B
1039;1.152339249;m;-;A;-;-;-;-;-;-;-;-;B;-;-;-;B;-;-;-;-;-;-;-;A;B;-;-;A;-;-;-;-;-;-;-;-;-;-;-;-;B;B;-;-;-;-;-;-;-;-;H;-;A;B;-;H;-;-;-;A;-;-;-;-;-;-;-;A;B;-;-;H;-;-;-;B;H;-;-;-;-;-;-;-;-;-;-;-;B;-;-;-;-;-;-;-;-;-;-;-;A;-;-;A;-;-;-;-;-;-;-;-;-;-;A;-;-;-;-;A;-;-;-;A;-;-;-;-;H;-;-;-;-;-;-;-;B;-;A;-;-;-;-;-;-;-;-;-;-;H;-;-;-;-;-;-;-;-;A;-;-;-;-;-;B;-;-;-;-;-
1049;1.46113384;m;B;B;B;B;B;B;B;A;A;B;A;B;B;B;B;H;B;B;B;B;B;A;B;B;A;A;B;A;A;A;A;A;A;A;H;B;A;A;A;A;A;A;H;H;H;H;H;A;H;A;A;B;H;A;A;A;A;A;A;A;A;A;A;B;A;A;H;A;A;A;A;H;H;H;H;H;A;B;B;H;A;H;A;H;H;H;H;H;H;H;H;H;H;H;H;H;H;A;A;H;H;A;A;H;A;H;H;H;A;H;A;H;H;H;A;A;H;A;A;A;A;H;B;H;H;H;B;B;A;H;B;B;B;H;H;H;H;B;H;B;B;H;B;A;B;H;H;H;H;H;B;B;B;B;B;B;B;B;B;B;B;B;B;B;B;B;B;B;B
1064;1.157139551;m;B;H;H;B;B;B;B;H;H;H;A;H;H;H;H;H;B;H;H;H;H;A;H;H;H;H;B;H;H;H;H;H;H;H;A;H;H;H;H;H;H;A;H;H;H;H;H;A;H;A;A;B;H;A;A;H;B;B;B;B;B;B;A;H;B;H;H;B;B;H;B;B;B;H;A;H;B;A;A;A;H;A;H;A;H;A;A;A;B;A;A;A;A;H;A;A;H;B;B;B;H;B;B;H;B;H;B;B;H;B;H;B;B;B;B;H;B;H;H;H;H;H;A;H;H;H;H;H;H;B;H;A;B;B;B;B;H;B;B;B;B;B;B;B;B;H;H;H;H;H;B;B;B;B;A;B;B;B;B;A;A;A;A;B;A;A;B;A;B
1080;0.905961225;m;H;H;H;H;H;H;B;H;B;H;A;-;H;B;H;H;H;H;H;H;H;H;H;H;A;B;H;A;H;B;B;B;B;B;A;H;B;B;B;B;B;B;B;B;B;H;H;H;H;A;H;B;A;H;H;H;H;H;H;H;A;B;H;-;B;B;A;H;H;B;H;H;H;H;H;A;H;H;B;B;H;H;H;H;H;A;H;H;B;A;H;A;A;A;A;A;H;B;H;H;H;B;B;A;B;H;B;B;H;A;B;B;B;B;B;H;B;H;H;H;H;H;A;A;A;A;A;A;B;B;A;A;B;B;B;B;H;B;B;H;B;B;B;B;B;H;H;B;H;A;A;A;A;B;B;B;B;B;B;B;B;-;B;A;B;B;A;B;B
1091;1.332622601;m;H;B;B;H;H;H;H;H;A;B;B;B;B;B;B;H;H;B;B;B;B;B;B;H;A;A;B;A;A;A;A;A;A;A;B;H;A;A;A;A;H;B;B;B;A;H;H;B;H;B;B;H;B;B;B;H;A;H;H;H;A;A;B;B;H;H;A;A;A;A;A;A;A;A;B;A;A;B;B;B;H;B;H;B;H;B;B;B;H;B;B;B;B;H;B;B;H;H;B;B;H;H;B;B;H;H;H;H;H;-;A;H;H;B;H;H;B;H;H;H;H;H;H;H;H;H;H;H;A;B;H;H;H;A;A;H;H;H;A;H;H;B;H;H;H;H;H;H;H;B;A;A;A;A;A;A;A;A;A;A;A;A;A;A;A;A;A;A;A
1100;1.401738155;m;B;H;H;H;B;B;B;B;H;H;H;A;H;B;H;B;B;H;H;H;H;H;H;H;B;H;H;B;B;B;-;H;H;H;A;H;H;-;B;H;H;A;A;A;A;A;A;H;A;H;H;B;A;H;H;-;H;B;H;H;A;H;H;-;H;H;H;H;-;H;H;H;H;A;A;H;H;A;A;A;B;A;B;A;H;-;A;A;B;A;A;H;A;H;A;A;A;H;A;H;A;H;H;A;H;A;B;H;H;B;H;H;B;B;H;H;B;H;H;B;H;H;H;B;H;H;H;H;H;B;H;-;B;B;-;B;H;B;B;H;B;B;A;A;H;H;-;H;A;A;A;A;A;-;A;-;-;A;-;A;A;A;A;A;A;-;A;A;-
1110;1.464128843;m;H;H;H;H;H;H;H;H;H;H;H;A;H;H;H;H;H;H;B;B;H;A;H;H;H;H;H;H;H;A;B;H;H;H;B;H;H;A;H;H;H;H;H;A;A;A;A;H;H;H;A;B;B;A;A;A;A;A;A;A;A;A;A;B;A;H;B;A;A;H;A;A;A;B;H;B;A;H;H;H;B;H;H;H;H;H;H;B;H;B;H;B;B;H;B;B;H;A;H;A;H;A;A;B;A;H;H;A;H;H;H;A;H;H;A;H;A;H;H;H;H;H;B;H;H;H;H;H;H;H;H;B;B;B;B;B;H;B;B;B;B;H;B;A;B;H;H;B;H;H;B;B;B;B;B;B;-;B;B;B;B;B;B;B;B;B;B;B;A
1121;1.39586823;m;B;A;A;B;B;B;H;H;B;A;H;A;A;A;A;H;B;A;A;A;A;A;A;A;B;H;A;B;B;B;B;H;H;H;B;H;B;H;B;H;H;H;H;H;H;H;H;B;A;H;H;H;A;H;H;A;A;A;A;A;A;A;H;A;A;H;H;A;A;B;A;A;H;A;B;H;A;A;A;A;H;H;H;B;A;H;B;B;H;B;B;B;B;A;H;A;A;H;A;H;A;H;H;A;H;A;H;H;A;H;B;H;H;H;H;A;H;A;A;A;A;A;H;A;A;A;A;A;H;H;A;H;H;H;H;H;A;H;H;A;H;H;A;H;A;A;A;A;A;A;B;B;B;B;B;B;B;B;B;B;B;B;B;B;B;B;B;B;B
1138;1.146000458;m;H;B;H;H;B;H;-;H;A;B;H;-;B;B;B;B;A;B;-;B;B;B;B;B;A;A;B;A;A;-;A;A;A;A;B;B;A;A;A;A;A;H;H;A;B;B;-;H;B;H;B;H;H;B;B;B;B;H;H;A;H;A;B;B;H;A;H;H;-;A;H;H;H;B;H;H;A;A;A;A;H;H;H;H;H;A;H;B;B;H;B;H;A;A;H;H;B;B;B;H;B;B;H;H;B;B;B;B;H;B;A;B;B;B;B;H;-;A;H;A;A;A;A;A;A;A;-;A;A;H;A;-;H;H;H;B;B;H;H;H;H;B;-;B;H;B;B;B;B;-;A;A;A;B;A;A;A;B;-;A;A;A;A;A;A;-;A;A;-
1149;1.222195062;m;H;H;H;H;H;A;H;H;B;H;A;H;H;H;H;H;A;H;H;H;H;A;H;H;B;B;H;B;B;B;B;B;B;B;H;H;B;B;B;B;B;H;H;H;H;A;A;A;A;A;A;H;B;A;A;A;H;H;H;H;H;H;A;H;H;B;H;H;H;B;H;H;A;A;H;A;H;H;H;H;H;H;H;H;H;H;H;H;H;H;H;H;B;A;H;H;A;H;H;B;A;H;H;H;H;A;H;H;A;A;B;H;H;H;H;A;H;A;A;A;A;A;H;A;A;A;A;A;B;H;H;H;H;B;B;B;H;H;B;H;H;H;H;H;H;A;A;A;A;A;B;B;B;A;B;B;B;A;B;B;B;A;-;B;B;B;B;B;A
1013;1.543209877;m;H;H;H;H;H;H;H;A;H;H;A;H;H;H;H;A;A;H;H;H;A;H;A;A;H;B;H;H;H;H;H;B;B;B;H;A;B;B;H;B;H;A;A;A;A;A;H;H;B;A;A;H;H;A;H;H;H;H;H;H;H;H;A;H;H;A;A;H;H;H;A;A;A;B;H;A;H;H;H;H;A;H;A;H;B;H;H;H;A;H;H;H;H;H;H;H;B;A;H;A;B;A;A;H;A;B;A;A;A;A;H;A;A;A;A;A;A;A;A;A;A;A;H;A;H;H;H;H;B;A;H;H;H;A;A;A;B;B;A;B;B;A;B;A;B;B;B;B;B;B;A;A;A;A;A;A;A;A;A;A;A;A;A;A;A;A;A;A;B
1028;1.418439716;m;A;A;A;A;A;H;A;H;A;A;A;A;A;A;A;H;A;A;A;A;H;A;H;H;A;A;A;A;H;A;A;A;A;A;A;H;A;A;A;A;A;B;B;B;B;B;B;A;H;A;A;B;A;A;A;H;B;H;H;H;H;H;A;A;H;H;H;H;H;H;H;H;H;H;A;H;H;H;H;H;H;A;H;A;B;A;A;A;B;A;A;A;A;B;A;A;H;B;A;H;H;B;B;A;B;H;B;B;B;H;A;B;B;B;B;B;B;B;B;B;B;B;B;B;B;B;B;B;A;B;B;B;B;B;B;B;B;B;B;B;B;B;B;B;B;H;H;H;H;H;A;A;A;A;B;A;A;A;A;A;A;A;A;A;B;B;A;B;A
1040;1.081782778;m;B;H;H;B;B;B;H;B;H;H;H;H;H;H;H;B;B;H;H;H;B;H;B;B;H;B;H;H;H;H;H;B;B;B;A;B;B;B;H;B;B;B;B;B;B;H;H;H;B;H;H;B;A;H;H;H;H;B;B;B;H;H;H;H;H;B;H;H;H;H;H;H;H;B;H;H;H;H;H;H;B;H;B;H;B;H;H;H;B;A;H;A;A;B;A;A;B;B;A;H;B;B;B;A;B;B;B;B;H;H;H;B;B;H;B;H;H;B;H;B;B;B;H;B;B;B;B;H;B;H;H;H;B;B;B;B;B;B;B;B;B;H;B;B;B;B;B;B;B;B;B;B;B;B;B;B;B;A;B;B;B;B;B;B;B;B;B;B;A
1050;1.414027149;m;H;A;A;H;H;H;A;H;H;A;A;A;A;A;A;A;H;A;A;A;A;A;A;A;B;H;A;B;B;B;H;H;H;H;H;A;H;H;B;H;H;H;H;B;B;B;B;A;A;A;A;H;H;A;A;A;A;A;A;A;A;A;A;A;A;H;B;A;A;B;H;H;B;A;H;B;A;A;A;A;A;A;A;A;A;A;H;H;A;H;A;H;H;A;H;H;H;H;H;H;A;H;H;H;H;H;A;H;H;B;H;H;A;A;H;H;A;H;H;H;H;A;H;A;A;A;A;A;H;A;A;H;H;H;H;H;A;H;H;A;H;A;H;H;A;A;A;A;H;A;A;A;A;B;B;A;A;B;B;B;B;B;B;A;B;B;A;B;B
1065;1.142074006;m;B;H;H;B;B;B;B;A;H;H;H;A;H;A;H;H;B;H;H;B;H;H;H;H;H;B;B;H;H;H;H;B;B;B;B;H;B;B;H;H;H;H;H;H;H;H;H;H;H;H;H;B;H;H;H;B;B;B;B;B;B;B;H;A;B;A;B;B;B;H;B;B;B;H;H;B;B;H;H;H;A;H;A;H;H;H;H;B;H;B;H;B;B;A;H;H;H;H;H;H;H;H;H;H;H;H;H;H;A;B;H;H;H;H;H;A;H;A;A;A;A;A;A;A;A;A;A;A;B;H;A;A;B;B;B;B;B;H;B;H;H;H;H;H;H;H;H;H;H;A;A;A;A;A;A;A;A;A;A;A;A;A;A;A;A;A;A;A;A
1081;1.316829076;m;B;A;A;B;B;B;A;H;A;A;H;A;A;A;A;H;B;A;-;A;A;H;A;A;H;A;A;H;H;H;H;A;A;A;H;A;A;A;H;H;H;H;H;A;H;H;B;H;A;H;H;A;H;H;H;B;A;B;H;H;H;A;H;A;A;H;A;A;A;H;A;A;A;A;H;A;A;A;A;A;H;A;H;A;A;A;-;H;B;H;A;H;H;H;H;H;A;B;H;B;A;B;B;H;B;A;B;B;H;A;H;B;B;B;B;H;B;H;H;H;H;H;A;H;H;A;A;A;A;H;A;A;H;H;B;H;A;A;H;A;A;H;A;B;A;A;A;A;A;A;B;B;B;A;B;B;B;A;B;B;B;B;B;B;B;B;B;B;A
1092;1.72294969;m;B;B;H;B;B;B;B;H;A;B;A;B;B;B;B;H;B;B;-;B;B;A;B;B;H;A;B;H;H;A;H;A;A;A;A;B;A;A;H;A;A;A;A;B;B;B;B;A;A;A;A;H;H;A;A;A;B;H;H;H;H;H;A;B;B;A;B;H;H;H;H;H;H;B;A;H;H;H;H;H;H;H;H;A;H;A;A;A;A;A;A;A;A;H;A;A;A;A;H;H;H;A;A;A;A;H;A;A;B;H;H;A;A;H;A;H;H;B;B;H;H;H;A;H;B;H;A;A;A;H;A;A;H;H;A;H;A;H;H;H;H;H;A;A;H;H;-;H;H;H;A;A;A;B;A;A;A;B;A;A;A;A;A;A;A;A;A;A;B
1101;1.595405233;m;H;A;A;H;A;H;B;A;H;H;H;-;A;-;A;A;H;A;-;-;A;A;A;A;A;H;H;A;A;H;H;H;H;H;A;A;B;-;H;A;A;A;A;-;A;A;A;H;H;H;A;B;H;A;A;A;A;A;A;A;A;A;A;-;H;A;H;A;A;A;H;H;H;A;A;H;A;H;H;H;A;H;A;A;H;A;A;A;H;A;H;A;A;B;A;H;A;H;-;A;H;H;H;H;H;A;H;H;A;-;H;H;H;H;H;A;A;B;A;B;B;B;B;B;B;B;B;B;H;B;B;B;H;B;B;B;-;B;B;H;B;H;A;H;H;H;-;H;A;-;A;A;B;-;A;-;A;A;A;A;A;-;A;A;A;A;A;A;A
1111;1.444669171;m;B;H;A;B;H;B;H;B;A;H;B;-;A;A;A;A;B;A;B;A;A;B;A;A;H;A;H;H;H;A;H;A;A;A;B;A;A;A;H;A;H;H;H;H;H;H;B;B;H;B;B;H;H;B;B;H;B;B;B;B;B;B;B;H;B;H;B;B;B;H;B;B;B;H;H;B;B;H;H;H;B;H;H;H;H;H;H;H;H;H;A;H;H;A;H;H;A;H;H;H;H;H;H;H;H;H;H;H;A;B;H;H;H;H;H;A;A;A;A;A;A;A;B;A;A;A;H;H;A;H;H;B;H;H;H;H;B;H;H;H;H;H;B;H;H;H;H;B;H;A;A;A;A;B;B;A;A;B;A;A;B;B;B;A;B;B;A;B;A
1123;1.339405304;m;B;H;H;B;B;B;B;H;H;H;H;H;H;H;H;H;B;H;H;H;H;H;H;H;H;H;H;H;H;H;A;H;H;H;H;H;H;H;A;H;A;A;A;A;A;A;A;H;H;H;H;H;B;H;H;H;H;H;H;H;H;A;H;H;H;A;H;H;H;H;H;H;H;H;H;H;H;B;B;B;H;B;H;H;H;B;H;H;H;H;H;H;H;H;H;H;H;H;B;B;H;H;B;H;H;H;H;H;H;H;H;H;H;H;H;H;H;H;H;H;H;H;A;H;H;H;H;H;H;B;A;A;H;H;B;H;H;H;H;B;H;B;B;B;B;H;H;H;H;A;B;A;A;B;A;A;A;B;A;A;A;A;A;B;A;A;B;A;B
1139;1.533742331;m;H;B;A;A;A;H;-;H;A;A;H;-;B;A;H;A;A;-;-;-;H;B;H;H;H;H;A;B;-;-;-;A;H;A;-;B;-;-;A;A;-;A;A;A;A;A;-;A;H;H;H;H;H;B;B;-;B;B;-;B;-;-;B;A;B;A;-;B;-;A;H;B;-;-;A;B;-;H;B;H;-;H;-;H;H;A;-;A;H;H;A;-;H;H;A;H;A;H;-;B;H;H;H;A;B;A;H;H;H;A;A;A;H;H;B;A;A;A;H;-;H;-;B;A;H;H;-;H;A;-;-;-;H;H;B;H;-;H;H;H;H;B;-;-;-;B;-;-;A;-;B;B;B;A;B;-;-;A;-;B;A;-;-;B;B;-;-;-;B
1150;1.210946961;m;A;H;H;A;H;A;H;B;A;H;A;H;H;H;H;B;A;B;H;H;B;H;B;B;A;A;H;A;A;A;A;A;A;A;H;B;A;A;A;A;H;B;B;B;B;B;B;A;A;A;A;A;H;H;H;B;B;B;B;B;B;B;A;H;B;B;H;B;B;A;B;B;B;A;H;B;B;H;H;H;B;H;B;H;A;H;H;H;H;H;H;H;H;H;H;H;A;B;H;B;A;B;B;H;B;A;H;B;A;B;A;B;H;H;B;A;H;A;A;A;A;A;B;H;H;B;B;B;A;H;B;B;A;A;A;A;A;A;A;A;A;H;A;B;A;A;A;A;A;A;A;A;A;A;A;A;A;A;A;A;A;A;A;A;A;A;A;A;B
1014;1.638269987;m;H;H;H;H;H;H;H;B;A;H;B;H;H;H;H;H;H;H;H;B;H;A;H;H;H;A;H;H;H;A;A;A;A;A;A;H;A;A;A;A;A;B;B;B;B;B;B;B;B;B;B;H;A;H;A;A;A;A;A;A;A;A;B;H;A;H;H;A;A;A;A;A;A;B;A;H;A;B;B;B;B;H;B;A;H;B;A;A;H;A;A;A;A;B;A;A;B;H;H;B;B;H;B;A;H;B;H;H;H;A;A;H;H;A;H;H;A;H;H;H;H;H;B;B;B;B;B;B;A;A;B;B;H;H;B;H;B;H;H;H;H;A;H;H;H;B;B;B;B;B;B;B;B;A;B;B;B;A;B;B;B;B;B;B;B;B;B;A;A
1029;1.067463706;m;H;H;A;H;H;H;H;B;H;H;H;A;A;A;A;H;H;A;A;A;A;B;A;A;B;H;H;B;B;B;B;H;H;H;H;A;H;H;B;H;H;H;A;H;H;H;H;H;H;H;H;A;B;H;B;B;B;B;B;B;B;B;H;A;B;H;B;B;B;B;B;B;B;H;H;B;B;A;A;H;H;H;B;H;H;H;H;H;B;H;H;H;H;H;H;H;B;B;B;B;H;B;B;B;B;H;B;B;B;B;B;B;B;B;B;B;B;H;B;H;H;H;B;H;H;B;B;B;H;H;B;B;A;H;H;A;H;A;A;H;A;H;H;B;H;H;H;H;H;H;A;A;A;B;B;A;A;B;A;A;A;A;A;A;B;B;A;B;B
1041;1.53609831;m;B;B;B;B;B;B;B;B;B;B;B;B;B;B;B;B;B;B;B;B;B;B;B;B;H;B;B;H;H;H;B;B;B;B;H;B;B;B;B;B;H;H;H;H;H;H;H;B;H;B;B;H;H;B;B;B;B;B;B;B;B;B;B;B;B;H;B;B;B;H;B;B;B;H;H;B;B;H;H;H;B;H;B;H;H;H;H;H;A;H;H;H;H;H;H;H;H;H;H;H;H;H;H;H;H;H;A;A;H;B;B;A;A;A;A;H;A;H;H;H;H;H;A;H;H;H;H;H;B;H;A;A;H;H;H;H;H;H;H;H;H;H;H;H;H;H;H;H;H;H;A;A;A;B;A;A;A;B;A;A;A;A;A;A;A;A;A;A;B
1052;;m;H;H;H;H;H;H;H;H;A;H;H;H;H;H;H;H;H;H;H;H;A;A;A;A;H;A;H;H;H;H;H;A;A;A;A;A;A;A;H;A;A;H;H;H;H;H;H;H;H;H;A;H;H;A;A;A;H;H;H;H;H;H;A;H;H;A;H;H;H;H;H;H;H;H;A;H;H;H;H;H;H;A;H;A;H;A;A;A;H;A;A;A;A;H;H;H;H;B;H;B;H;B;B;H;B;H;H;B;H;B;H;B;B;H;B;H;H;H;H;H;H;H;B;H;H;H;H;H;A;H;H;B;H;H;H;H;H;H;H;H;H;H;H;B;H;H;H;H;H;H;B;A;A;A;A;A;A;A;A;A;A;A;A;B;A;A;B;A;A
1067;0.768285187;m;B;B;B;B;B;B;B;H;B;B;B;B;B;B;B;H;B;B;B;H;H;H;H;H;B;B;B;B;B;B;B;B;B;B;B;H;B;B;B;B;B;B;B;H;A;H;H;B;A;B;B;A;B;B;H;H;A;A;A;A;A;A;B;B;A;B;A;A;A;B;A;A;A;A;B;A;A;H;H;H;H;H;H;B;A;H;B;B;B;B;B;B;B;H;B;B;A;B;B;H;A;B;B;B;B;A;B;B;H;A;B;B;B;A;B;H;A;H;H;H;H;H;H;H;H;H;H;H;B;A;H;H;A;A;A;A;A;A;A;A;A;A;A;B;A;A;A;A;A;A;A;A;A;B;B;B;B;B;B;B;B;B;B;A;B;B;A;B;B
1082;1.131221719;m;H;A;H;H;H;H;H;B;B;H;B;-;H;A;H;H;H;H;A;H;H;H;H;H;B;B;H;B;B;-;B;B;B;B;-;H;B;B;B;B;B;H;H;-;H;H;A;H;H;B;B;A;H;B;B;H;-;H;H;H;B;A;-;-;A;B;H;A;A;H;H;H;H;H;H;H;A;H;H;H;B;H;B;H;H;H;H;B;H;H;H;H;H;H;H;H;H;H;H;H;H;H;H;H;H;H;H;H;H;H;B;H;H;H;H;H;A;H;H;H;H;H;H;H;H;H;H;H;B;A;H;H;A;A;A;A;-;H;A;H;H;A;B;H;H;H;B;H;H;B;A;A;A;-;B;-;-;B;A;A;B;B;B;A;B;B;A;B;B
1093;1.036054704;m;H;A;A;H;H;H;A;A;B;A;H;A;A;A;A;A;H;A;A;A;A;B;A;A;B;H;A;B;B;B;B;B;H;H;B;A;H;B;B;B;B;B;B;B;B;B;B;H;A;H;H;A;B;B;B;B;H;B;B;B;H;H;H;A;H;B;B;H;H;B;H;B;B;A;B;B;H;B;B;B;A;B;A;B;A;B;B;B;H;B;B;B;B;H;B;B;A;H;H;H;A;H;H;B;H;A;H;H;H;B;B;H;H;B;H;H;B;H;H;H;H;H;H;H;H;H;H;H;H;B;H;H;A;A;A;A;A;A;A;A;A;B;H;H;A;A;A;A;A;A;B;B;B;B;A;B;B;B;B;A;A;A;A;B;A;A;B;A;B
1102;1.147052076;m;A;A;H;A;A;A;A;A;H;A;H;H;H;B;H;A;H;B;-;A;A;H;A;A;H;A;A;H;H;H;H;H;A;A;B;A;A;A;H;A;A;B;B;B;B;B;-;H;A;H;H;A;H;H;H;-;H;A;H;H;H;H;H;A;H;H;B;H;A;H;H;H;H;A;H;H;H;A;A;A;A;H;A;H;A;A;B;H;H;B;H;B;B;H;H;H;A;B;A;B;A;B;B;H;B;A;H;B;H;H;H;B;H;A;B;H;A;H;H;A;H;H;H;H;H;A;H;H;A;A;H;B;H;H;H;H;A;A;H;A;A;A;A;B;A;A;A;H;A;-;B;-;B;B;B;-;-;B;-;B;B;-;B;B;B;B;B;-;-
1112;1.044713748;m;A;B;B;A;A;A;H;B;H;B;A;B;B;B;B;B;A;B;B;B;B;H;B;B;B;H;B;B;B;B;B;H;H;H;A;B;H;B;B;H;H;H;H;H;H;A;A;A;A;A;A;A;A;A;H;H;H;H;H;H;H;H;A;B;H;H;H;B;H;B;B;B;B;A;A;B;B;A;A;A;B;A;B;A;A;A;A;A;B;A;A;A;A;B;A;A;A;B;H;B;A;B;B;A;B;A;H;B;H;B;B;B;B;H;B;H;H;B;H;H;H;B;H;B;B;B;B;B;H;H;H;H;A;A;A;A;A;A;A;A;A;H;A;B;A;A;A;A;A;A;B;B;B;B;B;B;B;B;B;B;B;B;B;B;B;B;B;B;B
1124;1.542257866;m;H;H;H;H;H;H;H;H;B;H;A;B;H;H;H;A;H;H;H;H;H;A;H;H;H;A;H;H;H;B;B;H;A;A;H;H;A;-;B;A;A;A;A;A;A;A;A;H;B;A;A;B;A;A;A;A;H;A;A;A;A;A;A;A;B;A;H;H;B;A;H;H;H;B;A;H;H;B;B;B;H;B;H;A;B;B;A;H;H;A;A;A;A;H;A;A;A;H;A;H;B;H;H;A;H;H;H;H;H;H;B;H;H;H;H;H;H;H;H;H;H;H;H;H;H;H;H;H;A;H;H;H;B;B;B;B;B;B;B;B;B;H;B;H;B;B;-;B;H;B;B;B;B;A;B;B;B;A;B;B;B;A;B;B;B;B;B;B;A
1140;1.357220413;m;H;H;H;H;A;H;H;B;H;H;A;B;H;B;H;B;H;H;-;B;B;H;B;B;H;H;H;H;H;-;B;H;H;H;-;B;-;H;H;H;A;B;B;-;B;B;B;A;H;A;A;B;H;H;H;-;B;H;H;H;H;B;A;-;H;B;H;H;-;H;H;H;B;B;A;H;H;B;B;B;B;B;B;A;B;B;A;A;H;A;A;A;A;A;A;H;-;H;H;H;H;H;H;H;H;H;H;H;B;H;H;H;H;H;H;H;H;B;B;B;B;B;H;H;B;H;H;H;H;H;H;-;H;B;-;B;B;B;B;B;B;H;B;H;B;B;-;H;H;H;B;B;B;-;B;B;-;B;B;B;B;A;A;B;B;B;B;-;-
1151;1.559575795;m;A;A;A;A;A;A;A;A;A;A;A;A;A;A;A;A;A;A;A;A;A;H;A;A;H;H;A;H;H;A;A;A;A;A;H;A;A;A;A;H;H;H;H;H;H;H;A;A;B;A;H;B;H;H;H;H;H;H;H;H;H;B;A;A;H;H;H;H;H;H;H;H;H;B;H;H;H;B;B;B;A;B;A;H;B;B;H;H;H;H;B;H;H;H;H;H;B;H;H;H;B;H;H;B;H;B;H;H;B;H;A;H;H;H;H;B;A;B;B;B;B;H;A;H;H;H;H;H;A;A;H;A;B;B;B;B;B;B;B;B;B;A;B;H;B;B;B;B;B;B;A;A;A;B;B;A;B;B;B;B;B;B;B;A;B;B;A;B;B
1017;1.132246377;m;B;B;B;B;B;B;B;H;B;B;H;B;B;B;B;B;H;B;B;B;B;B;B;B;B;H;B;B;B;B;B;B;H;H;H;B;H;H;B;H;H;B;B;B;B;H;H;H;A;H;H;H;H;B;B;B;B;B;B;B;B;B;B;B;B;H;B;B;B;B;B;B;B;A;H;B;B;B;B;B;B;H;B;H;H;B;H;H;B;H;H;H;H;H;H;H;A;H;B;H;A;H;H;H;H;A;B;H;H;B;B;H;B;B;H;H;B;H;H;H;H;H;H;H;H;H;H;H;H;B;H;H;H;H;H;H;H;H;H;H;H;B;H;H;H;A;A;A;A;A;B;B;A;A;A;A;A;A;A;A;A;A;A;B;A;A;B;A;A
1032;1.410835214;m;B;H;H;B;B;B;B;B;A;B;B;H;H;H;H;B;H;H;H;H;H;H;H;H;A;A;B;A;A;A;A;A;A;A;B;H;A;A;A;A;H;H;H;H;H;H;H;B;H;B;H;H;B;H;H;H;H;H;H;H;H;H;H;H;B;H;H;H;H;A;H;H;H;H;H;H;H;H;H;H;B;H;B;H;H;H;H;B;H;B;H;B;B;H;B;B;A;H;H;B;H;H;B;B;H;A;B;H;H;H;A;H;H;B;H;H;B;H;H;H;H;H;A;H;H;A;A;A;A;B;A;A;H;H;H;H;H;H;H;H;H;B;H;B;H;H;H;H;A;H;B;B;B;A;A;A;A;A;A;A;A;A;A;B;A;A;B;A;A
1042;1.534212949;m;H;H;H;H;H;H;H;H;H;H;H;H;H;H;H;H;H;H;H;H;H;H;H;H;H;H;H;H;H;H;A;H;H;H;A;H;H;H;H;H;H;H;B;B;B;B;B;H;H;H;H;A;H;H;H;B;H;B;B;B;B;H;H;H;H;H;H;H;H;H;H;H;H;H;A;H;H;A;A;A;H;A;H;A;H;A;A;A;H;A;A;A;A;H;A;H;H;H;B;H;H;H;H;H;H;H;A;H;B;H;A;H;H;A;H;B;A;B;B;B;B;B;A;H;H;H;H;A;H;H;A;A;A;A;A;A;H;H;A;H;H;H;H;H;H;H;H;H;H;H;A;A;A;A;A;A;A;A;A;A;A;A;A;A;A;A;A;A;A
1068;1.645819618;m;B;B;B;B;B;B;B;A;H;B;A;H;B;B;B;H;B;B;B;B;H;A;H;H;H;H;B;H;H;H;A;H;H;H;A;H;H;H;H;H;H;H;H;H;H;H;H;H;H;A;A;H;A;A;A;A;A;A;A;A;A;A;A;H;A;H;H;A;A;H;A;A;H;A;A;H;A;H;H;A;A;A;A;A;H;A;A;A;A;A;A;A;A;A;A;A;A;H;A;B;A;H;H;A;H;A;A;A;A;H;A;A;A;A;A;A;A;A;A;A;A;A;B;A;A;H;B;B;H;A;B;B;H;H;H;H;H;H;H;H;H;H;H;H;H;H;H;H;A;A;B;B;B;A;A;B;B;B;B;B;B;B;B;B;A;A;B;A;B
1083;1.317175975;m;B;B;A;B;B;B;B;B;H;B;H;B;B;H;H;A;B;H;-;A;A;A;A;A;H;B;B;H;H;H;A;H;H;H;A;A;B;H;H;B;B;B;B;B;B;B;B;H;B;H;H;B;A;A;A;A;A;A;A;A;A;A;A;B;H;B;H;A;A;H;A;A;A;B;A;H;A;H;H;H;B;H;B;A;B;H;A;A;H;A;H;A;A;H;A;A;A;H;A;B;B;H;H;A;H;A;B;H;A;H;A;H;H;B;H;A;B;A;A;A;A;A;H;H;H;H;A;H;B;B;H;H;B;H;H;B;B;B;H;B;B;B;B;H;B;B;B;B;A;B;B;B;B;B;B;B;B;B;B;B;B;B;B;B;B;B;B;B;B
1094;0.988142292;m;B;B;H;B;-;H;-;A;H;B;H;B;B;-;B;A;A;B;B;-;H;B;H;H;A;B;B;A;A;-;-;B;B;B;-;A;-;B;H;B;B;B;B;B;B;H;B;H;H;H;B;H;H;B;B;B;B;B;B;B;B;B;B;B;B;B;B;B;-;A;B;B;B;H;H;B;B;B;B;B;A;H;A;H;H;-;B;H;H;H;H;H;H;B;B;H;B;H;-;H;H;H;H;H;H;H;H;H;H;B;H;H;H;H;H;H;H;B;H;B;B;B;B;B;B;B;B;B;-;H;B;B;H;B;B;B;B;H;B;H;H;H;H;H;H;H;B;H;H;-;A;A;A;B;B;A;A;B;A;B;B;B;B;A;B;B;A;B;-
1104;0.974658869;m;B;H;H;B;B;B;H;B;B;H;A;H;H;A;H;B;B;B;H;H;H;H;H;H;A;B;H;A;A;A;B;B;B;B;B;B;B;B;H;B;B;B;B;B;B;H;H;A;H;A;A;A;H;H;H;H;H;H;H;A;A;H;A;B;H;B;B;H;A;A;H;H;B;H;H;B;H;H;H;H;B;H;B;H;H;A;H;B;B;H;H;H;H;H;H;H;H;H;H;H;H;H;H;H;H;H;B;B;A;B;B;B;B;B;H;A;B;A;A;A;A;A;H;A;H;H;H;H;B;B;H;B;A;A;A;A;H;H;A;H;H;B;H;H;H;H;H;H;H;-;A;A;A;B;B;A;A;A;A;A;A;A;A;A;B;B;A;-;A
1113;0.948047023;m;H;H;H;H;H;H;H;H;H;H;H;B;H;H;H;H;H;H;B;H;H;B;H;H;A;H;H;A;A;A;H;H;H;H;B;H;B;H;H;H;H;B;B;B;B;B;B;H;H;H;H;H;H;B;B;B;B;B;B;B;B;B;H;H;B;B;B;B;B;A;B;B;B;H;B;B;B;B;B;B;H;B;H;B;H;B;B;B;H;B;B;B;B;A;H;H;H;B;H;B;H;B;B;H;B;H;H;B;H;B;H;B;B;H;B;H;H;H;H;H;H;A;A;A;A;A;A;A;H;H;A;H;H;A;A;H;H;H;A;H;H;H;B;B;H;H;H;H;H;A;B;B;B;A;B;-;B;A;B;B;B;B;B;B;B;B;B;B;A
1125;1.322751323;m;H;A;A;H;A;B;A;H;H;A;B;A;A;A;A;B;H;A;A;H;B;B;B;B;B;H;A;B;B;H;H;H;H;H;B;B;-;A;H;H;H;B;B;-;B;H;H;B;H;B;B;A;B;B;B;H;H;H;H;A;A;B;B;A;H;H;B;H;A;H;B;B;B;H;B;B;B;H;H;H;B;B;B;B;H;B;B;B;H;B;B;B;B;H;B;B;A;H;H;A;H;H;H;B;H;H;H;H;H;B;H;H;H;A;H;H;A;H;H;H;H;H;H;H;H;H;H;H;H;A;H;H;A;H;H;A;H;H;H;H;H;A;H;B;H;H;B;B;H;H;A;A;A;-;A;-;A;B;A;A;A;-;A;A;A;A;A;A;B
1141;1.36425648;m;A;A;A;A;-;A;A;H;H;A;H;-;H;A;H;H;A;A;-;H;H;H;H;A;H;H;A;H;H;A;A;B;H;H;B;A;-;B;A;H;H;H;H;-;A;-;-;H;H;H;H;H;H;H;H;A;A;A;A;A;A;A;B;B;H;H;H;A;A;A;A;A;A;B;B;A;A;H;H;H;H;H;B;H;H;H;-;B;H;B;B;-;B;H;H;H;-;H;A;H;H;H;H;H;H;H;H;H;H;A;H;H;H;A;H;B;A;-;H;H;H;A;H;A;H;H;-;H;A;-;A;B;H;H;B;H;B;A;H;H;H;A;-;B;H;H;A;B;H;B;B;B;B;-;B;B;-;B;B;B;B;-;-;B;B;-;B;B;-
1155;1.336541032;m;B;A;A;B;B;B;H;H;H;A;B;A;A;A;A;A;B;A;A;A;A;B;A;A;H;H;H;H;H;H;H;H;H;H;B;A;H;H;H;A;H;H;H;H;H;H;H;B;B;B;B;H;B;B;B;B;B;B;B;B;B;B;B;A;B;H;H;H;B;H;H;H;H;B;B;H;H;A;A;A;H;A;H;H;B;A;H;B;H;B;H;B;B;H;B;B;H;H;B;B;B;H;H;B;H;H;H;H;A;H;H;H;H;H;H;A;H;A;A;A;A;A;H;A;H;H;H;H;H;H;H;H;H;A;A;H;B;H;A;B;H;B;B;H;B;B;B;B;H;B;B;B;B;A;A;B;B;A;A;A;A;A;A;B;A;A;B;A;A
